CustomerID,Age,Gender,Tenure,MonthlyCharges,TotalSpend,Contract,SupportCalls,Churn,ChurnProbability,PredictedChurn,RiskLevel
C0001,56,Female,52,2866.93,149080.36,Monthly,10,Yes,71.52907822113073,Yes,High
C0002,25,Male,61,1911.5,116601.5,Monthly,9,No,65.7398419940725,Yes,High
C0003,36,Male,24,2057.4,49377.6,Quarterly,4,No,30.797668805057103,No,Medium
C0004,19,Male,30,873.32,26199.6,Quarterly,4,No,24.84356939299746,No,Low
C0005,50,Female,58,1716.84,99576.72,Monthly,8,Yes,61.95498851834842,Yes,High
C0006,66,Male,59,1379.62,81397.58,Quarterly,2,No,18.15733944546711,No,Low
C0007,61,Female,55,2954.72,162509.6,Quarterly,8,No,37.023238820592624,No,Medium
C0008,20,Male,51,2136.83,108978.33,Monthly,8,No,64.80063870770955,Yes,High
C0009,56,Male,18,2861.99,51515.82,Quarterly,1,No,27.06448526669468,No,Low
C0010,26,Male,53,923.41,48940.73,Yearly,6,Yes,28.48900604897708,No,Low
C0011,61,Male,8,392.85,3142.8,Yearly,0,No,14.011525753831194,No,Low
C0012,53,Female,50,2088.81,104440.5,Yearly,1,No,16.25893426368974,No,Low
C0013,23,Male,54,1776.12,95910.48,Monthly,5,Yes,52.348990406454924,Yes,Medium
C0014,46,Male,63,2574.17,162172.71,Monthly,1,Yes,35.21223232257367,No,Medium
C0015,27,Female,62,2801.98,173722.76,Yearly,7,No,29.845351634127727,No,Low
C0016,31,Female,62,1178.39,73060.18,Quarterly,1,No,14.886578228232061,No,Low
C0017,64,Male,53,1884.23,99864.19,Yearly,8,Yes,36.74023365892447,No,Medium
C0018,62,Male,41,1099.94,45097.54,Monthly,0,Yes,34.815305731735045,No,Medium
C0019,42,Female,71,1443.18,102465.78,Yearly,0,Yes,11.923226414800588,No,Low
C0020,61,Male,8,314.91,2519.28,Monthly,10,No,70.1297941079218,Yes,High
C0021,68,Female,8,2268.32,18146.56,Quarterly,0,No,22.814278028786674,No,Low
C0022,22,Male,41,2770.39,113585.99,Monthly,8,No,69.09573075371522,Yes,High
C0023,25,Male,12,1193.42,14321.04,Monthly,6,Yes,61.60696548299486,Yes,High
C0024,40,Male,62,1177.99,73035.38,Yearly,2,No,17.13883153538966,No,Low
C0025,61,Male,35,1574.98,55124.3,Yearly,4,No,26.210651157685366,No,Low
C0026,64,Female,3,2354.12,7062.36,Yearly,9,No,55.80324195551209,Yes,Medium
C0027,31,Male,27,1711.38,46207.26,Monthly,9,Yes,72.3204191860721,Yes,High
C0028,59,Male,51,384.86,19627.86,Quarterly,6,No,29.05054717373126,No,Low
C0029,66,Male,52,1820.84,94683.68,Yearly,3,No,21.18461093256725,No,Low
C0030,47,Female,23,1931.93,44434.39,Yearly,10,No,50.664886207155455,Yes,Medium
C0031,46,Male,36,2845.7,102445.2,Monthly,6,No,64.39193035503521,Yes,High
C0032,68,Male,28,2810.18,78685.04,Quarterly,8,No,48.33696237144498,No,Medium
C0033,23,Male,28,2469.91,69157.48,Yearly,3,No,27.476357412421677,No,Low
C0034,47,Female,62,1756.22,108885.64,Yearly,9,No,37.013029759996506,No,Medium
C0035,45,Male,62,597.14,37022.68,Monthly,8,Yes,62.21358082204528,Yes,High
C0036,44,Female,62,301.41,18687.42,Yearly,8,No,33.52915351936286,No,Medium
C0037,20,Male,70,1679.02,117531.4,Monthly,8,Yes,60.19977811929833,Yes,High
C0038,54,Male,51,1027.41,52397.91,Yearly,7,Yes,32.36193009295932,No,Medium
C0039,32,Male,59,1172.65,69186.35,Quarterly,7,Yes,32.1660333273149,No,Medium
C0040,58,Female,52,1281.8,66653.6,Monthly,0,Yes,32.65713336688592,No,Medium
C0041,69,Female,12,979.81,11757.72,Quarterly,1,No,18.332381937453544,No,Low
C0042,20,Male,56,399.59,22377.04,Yearly,0,No,13.163852112526328,No,Low
C0043,19,Female,2,1409.8,2819.6,Quarterly,6,Yes,36.845224165606886,No,Medium
C0044,54,Female,1,946.82,946.82,Yearly,1,No,18.24902496304775,No,Low
C0045,61,Male,32,1792.81,57369.92,Quarterly,6,Yes,34.913966613198134,No,Medium
C0046,21,Male,55,2356.37,129600.35,Quarterly,10,No,44.64509140511244,No,Medium
C0047,34,Male,38,1293.01,49134.38,Quarterly,3,No,22.638266694452085,No,Low
C0048,51,Male,70,1376.83,96378.1,Monthly,0,No,30.969171011086566,No,Medium
C0049,26,Male,59,803.6,47412.4,Yearly,2,No,17.218878681677097,No,Low
C0050,37,Female,59,894.65,52784.35,Quarterly,9,No,38.15004707674629,No,Medium
C0051,20,Female,19,1241.4,23586.6,Quarterly,6,No,33.094692174751586,No,Medium
C0052,69,Male,33,1373.44,45323.52,Monthly,6,Yes,59.84082939430041,Yes,Medium
C0053,35,Female,1,2124.36,2124.36,Monthly,8,Yes,75.85013730658086,Yes,High
C0054,42,Female,50,2796.67,139833.5,Monthly,9,No,68.70729573475361,Yes,High
C0055,52,Male,7,2081.96,14573.72,Quarterly,9,No,54.28512796228716,Yes,Medium
C0056,65,Male,60,1004.24,60254.4,Monthly,0,No,32.55119879754312,No,Medium
C0057,65,Female,12,1807.39,21688.68,Yearly,10,No,52.78252528463617,Yes,Medium
C0058,26,Female,19,2260.08,42941.52,Quarterly,2,No,25.6483974053891,No,Low
C0059,37,Female,24,1392.17,33412.08,Quarterly,0,No,16.425663733823242,No,Low
C0060,41,Female,72,2420.42,174270.24,Monthly,7,Yes,53.922746182757784,Yes,Medium
C0061,37,Female,25,313.67,7841.75,Monthly,1,Yes,35.093784498898486,No,Medium
C0062,19,Female,54,1510.75,81580.5,Yearly,8,Yes,34.60624976906147,No,Medium
C0063,53,Male,33,348.8,11510.4,Quarterly,4,No,23.265380409913732,No,Low
C0064,65,Female,20,1289.47,25789.4,Monthly,7,Yes,64.02708740012524,Yes,High
C0065,24,Female,67,2075.55,139061.85,Monthly,0,No,29.700531710489763,No,Low
C0066,65,Female,59,1292.83,76276.97,Yearly,6,No,27.498901122060126,No,Low
C0067,39,Female,30,2927.13,87813.9,Yearly,2,Yes,24.859638662309823,No,Low
C0068,25,Female,27,1472.86,39767.22,Monthly,4,No,52.111697069892884,Yes,Medium
C0069,47,Female,28,2106.09,58970.52,Monthly,0,No,39.92615211046524,No,Medium
C0070,22,Male,61,1647.82,100517.02,Yearly,3,No,19.450909122920145,No,Low
C0071,52,Male,64,2042.78,130737.92,Yearly,0,No,12.941895212652502,No,Low
C0072,61,Male,30,2875.61,86268.3,Monthly,4,No,59.59066077177911,Yes,Medium
C0073,23,Female,37,2806.46,103839.02,Quarterly,0,No,17.974799943450893,No,Low
C0074,63,Female,53,1845.19,97795.07,Quarterly,0,No,14.20434293769261,No,Low
C0075,69,Female,63,1125.38,70898.94,Quarterly,6,No,27.80364785904425,No,Low
C0076,50,Female,67,757.63,50761.21,Quarterly,8,No,34.03955108618617,No,Medium
C0077,59,Male,54,2179.28,117681.12,Monthly,7,Yes,60.808371501899,Yes,High
C0078,63,Male,24,864.08,20737.92,Yearly,5,No,27.929661360244207,No,Low
C0079,40,Female,66,986.24,65091.84,Quarterly,9,No,37.44356629068577,No,Medium
C0080,19,Female,17,2591.41,44053.97,Monthly,8,No,74.6104098848285,Yes,High
C0081,60,Female,48,1792.61,86045.28,Quarterly,9,No,41.21971713230436,No,Medium
C0082,43,Male,50,2641.1,132055.0,Monthly,9,Yes,69.4740005645737,Yes,High
C0083,24,Male,57,1995.31,113732.67,Monthly,3,Yes,44.05484613273868,No,Medium
C0084,18,Female,8,2195.31,17562.48,Quarterly,2,No,27.822269628383157,No,Low
C0085,40,Male,15,1314.07,19711.05,Yearly,1,No,19.47230090052335,No,Low
C0086,49,Female,63,397.04,25013.52,Yearly,8,No,33.54674923381585,No,Medium
C0087,39,Male,58,2623.09,152139.22,Monthly,0,Yes,33.259905764161594,No,Medium
C0088,69,Male,42,2521.02,105882.84,Monthly,5,Yes,57.79395132364119,Yes,Medium
C0089,60,Female,60,1181.96,70917.6,Quarterly,7,No,31.31122048073589,No,Medium
C0090,61,Female,5,1534.62,7673.1,Quarterly,5,No,34.18178937646892,No,Medium
C0091,62,Male,47,2188.68,102867.96,Quarterly,7,Yes,36.00774872631653,No,Medium
C0092,69,Male,16,2934.8,46956.8,Yearly,9,Yes,56.77029907393262,Yes,Medium
C0093,47,Female,19,2447.0,46493.0,Quarterly,2,Yes,26.747972447839118,No,Low
C0094,45,Male,58,511.83,29686.14,Monthly,4,No,47.10341016134185,No,Medium
C0095,43,Male,62,2557.15,158543.3,Yearly,8,Yes,34.40892816340198,No,Medium
C0096,29,Female,1,767.89,767.89,Yearly,0,No,15.04578253421025,No,Low
C0097,64,Female,34,947.43,32212.62,Monthly,5,No,52.9401484237191,Yes,Medium
C0098,65,Male,1,2878.14,2878.14,Monthly,6,No,76.23863071000112,Yes,High
C0099,22,Female,22,2271.11,49964.42,Quarterly,2,No,24.966525363153885,No,Low
C0100,29,Male,26,1261.13,32789.38,Monthly,4,Yes,52.37499259917809,Yes,Medium
C0101,39,Male,57,1223.08,69715.56,Monthly,4,Yes,47.562154895056004,No,Medium
C0102,64,Male,62,2199.88,136392.56,Monthly,9,No,65.88091448650069,Yes,High
C0103,43,Male,48,2478.67,118976.16,Quarterly,3,No,23.252364018409335,No,Low
C0104,50,Male,23,429.76,9884.48,Yearly,5,No,25.924987580505647,No,Low
C0105,22,Female,34,1004.41,34149.94,Monthly,9,No,67.49594359659847,Yes,High
C0106,36,Male,58,1652.81,95862.98,Monthly,7,No,59.162719829714405,Yes,Medium
C0107,22,Male,4,1962.8,7851.2,Monthly,6,Yes,68.64777007477441,Yes,High
C0108,19,Male,32,2838.62,90835.84,Quarterly,7,No,42.526083599115644,No,Medium
C0109,29,Male,50,1848.09,92404.5,Yearly,0,No,14.483359289446426,No,Low
C0110,50,Male,61,1773.17,108163.37,Yearly,4,No,22.225152196502552,No,Low
C0111,29,Male,67,2515.15,168515.05,Quarterly,7,No,30.19799887242936,No,Medium
C0112,27,Male,43,828.64,35631.52,Monthly,1,No,37.09992555478479,No,Medium
C0113,68,Female,35,1208.7,42304.5,Yearly,9,No,41.13354701012231,No,Medium
C0114,25,Male,26,2140.36,55649.36,Monthly,1,No,45.35020377239659,No,Medium
C0115,68,Male,7,619.05,4333.35,Quarterly,4,Yes,25.42544427440456,No,Low
C0116,67,Female,29,405.8,11768.2,Yearly,8,No,34.64693539107236,No,Medium
C0117,38,Male,36,779.09,28047.24,Quarterly,8,No,37.40877141864058,No,Medium
C0118,41,Female,64,1855.0,118720.0,Yearly,2,No,16.20210531587886,No,Low
C0119,65,Male,36,1304.45,46960.2,Monthly,6,Yes,59.038009096332075,Yes,Medium
C0120,49,Female,24,2641.21,63389.04,Quarterly,4,No,32.762422749534075,No,Medium
C0121,29,Female,55,2327.35,128004.25,Monthly,8,Yes,62.93140877949719,Yes,High
C0122,52,Female,30,2736.89,82106.7,Monthly,3,No,53.90562844807425,Yes,Medium
C0123,65,Female,13,2717.91,35332.83,Yearly,0,Yes,23.336026282188175,No,Low
C0124,53,Male,12,2888.06,34656.72,Quarterly,2,No,32.43211531581603,No,Medium
C0125,29,Male,9,1162.15,10459.35,Yearly,3,No,24.577672894177276,No,Low
C0126,36,Male,16,1510.8,24172.8,Quarterly,2,No,23.489763089171863,No,Low
C0127,29,Male,25,1795.0,44875.0,Quarterly,4,No,29.29444069820436,No,Low
C0128,53,Female,53,2437.26,129174.78,Yearly,8,Yes,36.21007490227205,No,Medium
C0129,56,Male,53,1634.93,86651.29,Quarterly,6,Yes,30.307040256606843,No,Medium
C0130,31,Female,5,2290.0,11450.0,Monthly,10,Yes,81.21242983036358,Yes,High
C0131,28,Male,18,2915.36,52476.48,Yearly,8,No,51.52406326968661,Yes,Medium
C0132,27,Male,58,1969.19,114213.02,Monthly,5,Yes,51.555579521602866,Yes,Medium
C0133,24,Male,46,2192.62,100860.52,Quarterly,9,No,43.3263912068432,No,Medium
C0134,26,Female,50,2708.12,135406.0,Monthly,1,Yes,38.43329392364991,No,Medium
C0135,22,Female,29,529.06,15342.74,Yearly,2,No,17.30817929300306,No,Low
C0136,25,Male,65,2676.97,174003.05,Yearly,0,No,12.539408634370252,No,Low
C0137,24,Female,45,2334.12,105035.4,Quarterly,5,No,28.67800651830965,No,Low
C0138,48,Male,19,2398.3,45567.7,Monthly,5,Yes,64.39686316937805,Yes,High
C0139,56,Male,19,600.23,11404.37,Yearly,2,No,18.76870314706148,No,Low
C0140,62,Female,13,1394.05,18122.65,Quarterly,9,No,46.579677128862116,No,Medium
C0141,37,Male,72,617.32,44447.04,Monthly,8,No,61.54509554788419,Yes,High
C0142,56,Female,1,2138.81,2138.81,Yearly,8,Yes,50.54591114336044,Yes,Medium
C0143,66,Male,25,2645.22,66130.5,Monthly,5,Yes,64.01006807654267,Yes,High
C0144,23,Female,58,332.82,19303.56,Monthly,4,Yes,45.61850209519255,No,Medium
C0145,33,Male,36,1795.41,64634.76,Yearly,3,No,23.548620297947497,No,Low
C0146,35,Male,47,1999.38,93970.86,Quarterly,0,No,15.546527452579953,No,Low
C0147,20,Female,16,2290.17,36642.72,Monthly,10,No,78.9471586802589,Yes,High
C0148,29,Male,16,2703.71,43259.36,Quarterly,7,Yes,47.96867189470055,No,Medium
C0149,45,Male,8,758.14,6065.12,Quarterly,3,No,23.151700820386726,No,Low
C0150,43,Male,8,1254.05,10032.4,Yearly,1,No,19.924769879781525,No,Low
C0151,45,Female,41,1001.86,41076.26,Yearly,10,No,43.17871705044697,No,Medium
C0152,34,Male,33,1410.26,46538.58,Quarterly,2,No,20.88579475657228,No,Low
C0153,23,Female,69,1956.22,134979.18,Quarterly,1,No,13.910901981567028,No,Low
C0154,27,Female,56,2666.99,149351.44,Quarterly,10,Yes,43.507850494151334,No,Medium
C0155,62,Female,5,371.19,1855.95,Quarterly,0,No,13.871861875583733,No,Low
C0156,18,Female,18,2965.65,53381.7,Monthly,0,Yes,47.90612455133792,No,Medium
C0157,28,Female,26,1328.41,34538.66,Quarterly,5,No,29.299787916075736,No,Low
C0158,44,Male,49,2563.49,125611.01,Monthly,1,No,39.8223361296465,No,Medium
C0159,58,Female,1,336.91,336.91,Monthly,6,Yes,54.89314318916001,Yes,Medium
C0160,23,Female,69,2999.24,206947.56,Quarterly,5,No,22.318946524924797,No,Low
C0161,20,Female,53,1879.9,99634.7,Monthly,4,No,47.643103992232554,No,Medium
C0162,54,Male,17,950.93,16165.81,Quarterly,8,Yes,40.21612147850577,No,Medium
C0163,63,Female,1,2875.94,2875.94,Yearly,3,No,38.085248313518925,No,Medium
C0164,18,Female,32,426.62,13651.84,Quarterly,7,Yes,31.5652006917297,No,Medium
C0165,56,Male,26,1645.05,42771.3,Quarterly,5,No,31.974051195610077,No,Medium
C0166,20,Female,50,2600.89,130044.5,Yearly,5,No,26.968485125582802,No,Low
C0167,61,Male,5,538.7,2693.5,Yearly,10,No,44.866960523915864,No,Medium
C0168,34,Female,47,1435.45,67466.15,Monthly,4,No,48.33633009385714,No,Medium
C0169,38,Female,14,2201.02,30814.28,Yearly,2,No,25.878228668385265,No,Low
C0170,56,Male,38,1966.61,74731.18,Yearly,1,No,18.64198885327934,No,Low
C0171,55,Female,50,1892.78,94639.0,Yearly,10,No,43.740757205617506,No,Medium
C0172,68,Male,63,2261.27,142460.01,Yearly,8,Yes,34.400953386176276,No,Medium
C0173,55,Female,30,1979.63,59388.9,Quarterly,2,No,22.449603394728378,No,Low
C0174,34,Male,5,2450.47,12252.35,Yearly,9,Yes,56.780253882938304,Yes,Medium
C0175,34,Male,17,997.26,16953.42,Yearly,7,No,35.741606327744314,No,Medium
C0176,22,Female,34,1976.18,67190.12,Yearly,1,No,18.37774984128432,No,Low
C0177,30,Male,43,948.39,40780.77,Yearly,2,No,18.317603055349576,No,Low
C0178,64,Male,23,645.72,14851.56,Quarterly,10,No,45.56009001336921,No,Medium
C0179,33,Male,8,786.18,6289.44,Monthly,3,Yes,47.57828405303018,No,Medium
C0180,42,Female,67,2660.66,178264.22,Quarterly,10,No,39.73797474797564,No,Medium
C0181,46,Male,32,765.26,24488.32,Monthly,9,Yes,68.02414125219667,Yes,High
C0182,68,Male,19,2518.83,47857.77,Monthly,1,No,50.24861289181569,Yes,Medium
C0183,45,Male,42,777.93,32673.06,Monthly,4,Yes,48.61407511881464,No,Medium
C0184,23,Male,1,1742.94,1742.94,Yearly,9,No,51.63887740784629,Yes,Medium
C0185,63,Female,34,647.62,22019.08,Quarterly,9,Yes,39.915067338211905,No,Medium
C0186,62,Male,27,406.14,10965.78,Monthly,8,No,63.3915322496819,Yes,High
C0187,64,Female,56,2658.66,148884.96,Monthly,0,No,33.1499806931737,No,Medium
C0188,43,Male,36,2476.74,89162.64,Monthly,0,No,40.16502488760352,No,Medium
C0189,52,Male,52,865.24,44992.48,Monthly,7,Yes,59.50696114502808,Yes,Medium
C0190,39,Female,14,1969.29,27570.06,Monthly,6,Yes,65.51341687381878,Yes,High
C0191,31,Male,2,2318.17,4636.34,Quarterly,10,Yes,61.26243297044428,Yes,High
C0192,68,Female,7,2155.35,15087.45,Quarterly,6,No,42.31192247711814,No,Medium
C0193,63,Female,18,1508.01,27144.18,Yearly,2,No,21.935231088085132,No,Low
C0194,68,Male,15,583.15,8747.25,Quarterly,6,Yes,31.114071179081076,No,Medium
C0195,54,Female,28,354.19,9917.32,Monthly,8,Yes,61.956219880835995,Yes,High
C0196,34,Female,44,929.68,40905.92,Monthly,3,Yes,43.707637882674184,No,Medium
C0197,42,Female,68,1258.78,85597.04,Quarterly,8,No,33.45148836177746,No,Medium
C0198,62,Male,18,534.68,9624.24,Monthly,5,No,53.16404499590299,Yes,Medium
C0199,51,Female,8,1883.65,15069.2,Quarterly,2,Yes,26.145157565844624,No,Low
C0200,59,Male,41,1211.11,49655.51,Yearly,3,No,21.663567692609806,No,Low
C0201,43,Female,64,1841.1,117830.4,Quarterly,7,No,30.441655641878718,No,Medium
C0202,62,Female,70,1935.59,135491.3,Monthly,0,No,29.50015314666364,No,Low
C0203,39,Female,21,712.72,14967.12,Monthly,6,Yes,56.540351376170925,Yes,Medium
C0204,65,Male,4,2597.21,10388.84,Quarterly,7,Yes,51.93686796460043,Yes,Medium
C0205,26,Female,3,1716.18,5148.54,Quarterly,7,Yes,43.04197178609133,No,Medium
C0206,54,Female,36,2992.59,107733.24,Monthly,5,Yes,60.26832423583328,Yes,High
C0207,19,Female,4,314.31,1257.24,Monthly,5,No,50.33287170598682,Yes,Medium
C0208,66,Male,51,2516.33,128332.83,Quarterly,1,No,17.748552362029542,No,Low
C0209,32,Male,8,1586.87,12694.96,Quarterly,4,Yes,31.332676848218966,No,Medium
C0210,23,Male,26,1173.93,30522.18,Quarterly,2,No,20.81010660763333,No,Low
C0211,37,Male,20,954.51,19090.2,Monthly,0,Yes,36.312543902513625,No,Medium
C0212,43,Female,14,1079.3,15110.2,Monthly,4,No,51.98175050560848,Yes,Medium
C0213,28,Female,3,439.92,1319.76,Quarterly,1,No,15.983587840436112,No,Low
C0214,27,Female,5,471.11,2355.55,Quarterly,1,Yes,16.0815957434454,No,Low
C0215,30,Male,40,2486.66,99466.4,Quarterly,0,Yes,17.41273740741218,No,Low
C0216,54,Male,17,615.08,10456.36,Yearly,7,No,33.63698708744198,No,Medium
C0217,55,Male,35,1241.94,43467.9,Monthly,0,No,35.99496319668766,No,Medium
C0218,22,Female,62,2314.13,143476.06,Quarterly,1,No,14.794635352227486,No,Low
C0219,31,Female,9,853.5,7681.5,Monthly,2,No,42.998810291079764,No,Medium
C0220,52,Male,1,2301.03,2301.03,Monthly,5,No,68.90129196616691,Yes,High
C0221,46,Male,72,2535.44,182551.68,Quarterly,4,No,20.303638477613774,No,Low
C0222,31,Female,60,741.87,44512.2,Quarterly,4,No,21.940178865071587,No,Low
C0223,54,Male,5,936.37,4681.85,Monthly,9,Yes,71.23785312337213,Yes,High
C0224,21,Female,42,1359.6,57103.2,Monthly,7,Yes,60.40360303668555,Yes,High
C0225,25,Female,39,2227.21,86861.19,Monthly,2,No,44.61926726945889,No,Medium
C0226,55,Male,23,1484.61,34146.03,Quarterly,0,No,17.591028566891143,No,Low
C0227,42,Male,17,2728.85,46390.45,Quarterly,6,No,44.044836914311155,No,Medium
C0228,19,Female,53,2747.47,145615.91,Yearly,2,Yes,18.259082533865875,No,Low
C0229,56,Female,51,1465.13,74721.63,Quarterly,2,No,18.32185466000022,No,Low
C0230,24,Female,51,1204.25,61416.75,Yearly,3,No,19.658254577232633,No,Low
C0231,32,Female,29,1637.64,47491.56,Monthly,6,Yes,60.243418879637254,Yes,High
C0232,44,Female,36,2993.77,107775.72,Monthly,8,Yes,70.66294657898102,Yes,High
C0233,50,Male,27,2308.65,62333.55,Quarterly,3,Yes,28.083696909035567,No,Low
C0234,39,Male,66,2358.64,155670.24,Yearly,10,Yes,40.44930427377061,No,Medium
C0235,27,Female,38,1748.5,66443.0,Yearly,3,No,22.234088174578215,No,Low
C0236,62,Female,52,1372.68,71379.36,Quarterly,7,No,32.58423979283038,No,Medium
C0237,22,Female,29,918.98,26650.42,Quarterly,1,No,16.71997026247073,No,Low
C0238,44,Male,36,1765.36,63552.96,Monthly,10,No,74.05468688940157,Yes,High
C0239,44,Female,69,2532.36,174732.84,Yearly,9,No,34.688761484061885,No,Medium
C0240,57,Male,38,913.85,34726.3,Monthly,6,No,57.29393261601271,Yes,Medium
C0241,64,Female,46,1960.37,90177.02,Monthly,9,No,68.58186798094403,Yes,High
C0242,30,Male,62,572.15,35473.3,Monthly,0,Yes,32.02930180184585,No,Medium
C0243,64,Male,60,1901.0,114060.0,Monthly,3,No,43.67940583418534,No,Medium
C0244,65,Female,68,2433.23,165459.64,Monthly,4,Yes,43.87507917681689,No,Medium
C0245,25,Male,31,1938.13,60082.03,Quarterly,5,No,31.900981605013197,No,Medium
C0246,68,Male,29,581.47,16862.63,Quarterly,8,No,37.38438285149368,No,Medium
C0247,39,Female,11,1517.27,16689.97,Yearly,4,No,28.66779828227447,No,Low
C0248,38,Male,36,636.59,22917.24,Yearly,8,No,36.019746905624736,No,Medium
C0249,18,Male,63,1140.9,71876.7,Quarterly,2,Yes,17.46451339238998,No,Low
C0250,57,Male,15,1377.31,20659.65,Monthly,8,Yes,69.67029058768726,Yes,High
C0251,26,Female,52,2427.03,126205.56,Quarterly,9,No,40.80868029637559,No,Medium
C0252,58,Female,35,1375.06,48127.1,Yearly,8,No,37.94106422308415,No,Medium
C0253,43,Female,38,1235.13,46934.94,Yearly,1,No,16.40600757794491,No,Low
C0254,44,Female,34,2779.83,94514.22,Quarterly,10,Yes,52.22787075033244,Yes,Medium
C0255,61,Female,51,970.21,49480.71,Yearly,8,No,34.789566283508414,No,Medium
C0256,24,Female,52,1431.1,74417.2,Yearly,7,No,31.461559523461258,No,Medium
C0257,50,Male,49,2407.34,117959.66,Yearly,10,No,46.03118404560698,No,Medium
C0258,39,Male,26,335.36,8719.36,Quarterly,4,No,23.21169939331514,No,Low
C0259,66,Male,71,2933.96,208311.16,Monthly,8,No,58.76350490123966,Yes,Medium
C0260,66,Female,20,1419.49,28389.8,Monthly,7,Yes,64.77771242556389,Yes,High
C0261,66,Male,71,1907.54,135435.34,Quarterly,6,No,26.936371484062207,No,Low
C0262,68,Male,56,2724.75,152586.0,Quarterly,0,Yes,14.799146985867031,No,Low
C0263,62,Male,30,2558.72,76761.6,Quarterly,2,Yes,25.328610006315255,No,Low
C0264,35,Female,1,2393.92,2393.92,Monthly,1,Yes,53.82213391485372,Yes,Medium
C0265,19,Female,38,2366.46,89925.48,Monthly,3,Yes,49.213231738582984,No,Medium
C0266,18,Female,8,2626.82,21014.56,Monthly,6,Yes,71.22383919015918,Yes,High
C0267,20,Female,32,1035.22,33127.04,Monthly,2,No,41.48214319372169,No,Medium
C0268,63,Female,34,1403.58,47721.72,Quarterly,6,Yes,32.05571854597085,No,Medium
C0269,45,Male,32,2233.13,71460.16,Quarterly,7,Yes,40.21283611516691,No,Medium
C0270,18,Female,57,899.32,51261.24,Monthly,7,Yes,57.562152943953706,Yes,Medium
C0271,40,Female,59,1664.87,98227.33,Monthly,7,No,57.87893414662897,Yes,Medium
C0272,64,Male,67,2696.14,180641.38,Monthly,7,Yes,56.73111283521608,Yes,Medium
C0273,51,Male,35,956.56,33479.6,Yearly,7,Yes,33.82871729414656,No,Medium
C0274,63,Male,16,1372.4,21958.4,Quarterly,4,Yes,28.998693572039663,No,Low
C0275,38,Female,14,1091.5,15281.0,Yearly,1,No,17.8974046791142,No,Low
C0276,24,Male,7,2286.94,16008.58,Monthly,4,No,63.35876756073724,Yes,High
C0277,36,Female,19,1874.21,35609.99,Yearly,1,No,20.56032238206638,No,Low
C0278,19,Male,1,2507.1,2507.1,Yearly,3,No,35.59823404135861,No,Medium
C0279,28,Female,2,1280.26,2560.52,Yearly,6,No,35.00027892886043,No,Medium
C0280,29,Male,20,1985.2,39704.0,Monthly,5,No,61.50158990792498,Yes,High
C0281,47,Female,9,1477.54,13297.86,Yearly,2,No,22.865788227925155,No,Low
C0282,69,Male,24,608.44,14602.56,Yearly,7,No,33.368624015681625,No,Medium
C0283,63,Male,14,2302.55,32235.7,Yearly,1,No,24.56929569150513,No,Low
C0284,62,Female,25,996.3,24907.5,Yearly,5,No,27.495278164836467,No,Low
C0285,39,Female,4,657.15,2628.6,Yearly,1,No,16.530854018658943,No,Low
C0286,40,Male,37,349.65,12937.05,Quarterly,1,Yes,15.853456353161398,No,Low
C0287,38,Male,42,1856.59,77976.78,Yearly,5,No,28.6133345166834,No,Low
C0288,51,Female,17,1394.17,23700.89,Yearly,5,No,30.351368693559404,No,Medium
C0289,29,Female,27,2730.05,73711.35,Yearly,5,Yes,34.62183977078461,No,Medium
C0290,44,Male,40,976.97,39078.8,Quarterly,8,No,37.74601743565375,No,Medium
C0291,24,Female,10,2768.91,27689.1,Monthly,9,Yes,80.06597834185295,Yes,High
C0292,38,Male,62,1701.08,105466.96,Yearly,1,No,15.010529915999976,No,Low
C0293,60,Female,65,523.56,34031.4,Quarterly,3,No,19.413269452058838,No,Low
C0294,68,Male,26,484.27,12591.02,Quarterly,10,Yes,44.558447225296035,No,Medium
C0295,57,Female,11,1260.32,13863.52,Yearly,0,No,16.749631140625297,No,Low
C0296,56,Male,54,1585.34,85608.36,Yearly,7,No,32.60765612550114,No,Medium
C0297,39,Female,69,1606.14,110823.66,Yearly,9,No,35.58316995872557,No,Medium
C0298,53,Male,20,737.44,14748.8,Yearly,3,No,21.769144035836426,No,Low
C0299,60,Male,62,2879.14,178506.68,Monthly,10,Yes,69.20695205996938,Yes,High
C0300,51,Male,26,1580.44,41091.44,Quarterly,8,Yes,42.45206511720115,No,Medium
C0301,26,Female,40,2266.11,90644.4,Yearly,8,No,39.49444835134378,No,Medium
C0302,60,Male,42,1541.14,64727.88,Monthly,2,No,43.27160552100971,No,Medium
C0303,20,Female,44,2912.79,128162.76,Yearly,5,No,29.369941215248673,No,Low
C0304,51,Female,12,1274.63,15295.56,Monthly,10,Yes,74.73550699208842,Yes,High
C0305,66,Male,61,2433.04,148415.44,Monthly,8,Yes,62.62087492706231,Yes,High
C0306,66,Male,47,534.1,25102.7,Monthly,7,Yes,59.44030596089064,Yes,Medium
C0307,36,Male,8,2025.16,16201.28,Monthly,0,Yes,45.8706824774467,No,Medium
C0308,40,Male,70,2947.56,206329.2,Yearly,1,No,13.379550219740555,No,Low
C0309,42,Male,12,897.27,10767.24,Quarterly,9,Yes,44.03374193224632,No,Medium
C0310,58,Female,26,406.45,10567.7,Yearly,9,Yes,38.242355234832075,No,Medium
C0311,33,Female,71,2998.25,212875.75,Yearly,9,No,33.36042752208206,No,Medium
C0312,38,Female,7,391.65,2741.55,Yearly,4,No,22.308845354476627,No,Low
C0313,24,Female,9,820.02,7380.18,Monthly,7,Yes,61.82811974282377,Yes,High
C0314,67,Female,59,2849.52,168121.68,Quarterly,1,No,15.645090138532305,No,Low
C0315,48,Male,39,1528.89,59626.71,Quarterly,10,No,47.29098623327379,No,Medium
C0316,59,Female,17,2055.45,34942.65,Yearly,7,No,41.58545772564288,No,Medium
C0317,52,Female,60,1598.87,95932.2,Quarterly,2,No,17.319310310437903,No,Low
C0318,54,Female,43,1217.66,52359.38,Quarterly,6,No,30.144972000971304,No,Medium
C0319,40,Male,39,1151.28,44899.92,Quarterly,0,No,15.206838825332285,No,Low
C0320,21,Female,25,2292.21,57305.25,Quarterly,0,No,19.08569928467802,No,Low
C0321,33,Male,42,2667.0,112014.0,Monthly,1,No,42.388416944161314,No,Medium
C0322,52,Male,42,2973.92,124904.64,Quarterly,10,No,50.95682626534658,Yes,Medium
C0323,30,Male,13,1336.7,17377.1,Quarterly,2,No,22.959348656088864,No,Low
C0324,56,Female,46,1246.92,57358.32,Yearly,0,No,13.867134193787118,No,Low
C0325,46,Female,62,1595.66,98930.92,Monthly,8,No,61.06404610947952,Yes,High
C0326,33,Female,56,1033.55,57878.8,Quarterly,8,No,34.89776886030889,No,Medium
C0327,27,Female,30,1427.97,42839.1,Yearly,6,Yes,31.60637894297383,No,Medium
C0328,37,Female,5,2277.13,11385.65,Quarterly,0,No,23.280123608984344,No,Low
C0329,20,Female,45,1257.48,56586.6,Yearly,1,No,15.715973912036402,No,Low
C0330,21,Female,18,930.74,16753.32,Quarterly,8,No,38.531981973562274,No,Medium
C0331,65,Female,65,2757.92,179264.8,Quarterly,8,Yes,33.404966967787466,No,Medium
C0332,32,Female,49,1357.4,66512.6,Yearly,3,No,20.08805743549641,No,Low
C0333,29,Male,59,2864.9,169029.1,Quarterly,4,No,23.3497604370344,No,Low
C0334,60,Female,70,2952.29,206660.3,Yearly,7,No,27.448160657767712,No,Low
C0335,28,Female,62,1956.21,121285.02,Quarterly,8,No,34.11441903430516,No,Medium
C0336,24,Male,52,475.46,24723.92,Yearly,7,No,31.28414961539142,No,Medium
C0337,37,Female,63,922.54,58120.02,Yearly,2,Yes,16.42563174830111,No,Low
C0338,62,Female,57,895.31,51032.67,Monthly,0,No,31.76380995819133,No,Medium
C0339,20,Male,6,2462.08,14772.48,Monthly,5,No,68.39664928720772,Yes,High
C0340,64,Female,49,1699.3,83265.7,Quarterly,3,No,21.366858196838585,No,Low
C0341,66,Male,61,1002.63,61160.43,Yearly,2,No,17.3791684666653,No,Low
C0342,67,Female,62,2990.11,185386.82,Yearly,2,No,16.58622379992639,No,Low
C0343,49,Male,13,904.31,11756.03,Quarterly,8,Yes,40.267151173090234,No,Medium
C0344,26,Male,68,1866.23,126903.64,Yearly,1,No,14.194192400786248,No,Low
C0345,28,Female,56,1017.12,56958.72,Monthly,8,Yes,61.60632981586406,Yes,High
C0346,20,Female,25,2600.92,65023.0,Yearly,9,Yes,49.61359768789998,No,Medium
C0347,26,Female,40,2815.29,112611.6,Quarterly,10,Yes,49.83187920816661,No,Medium
C0348,51,Male,38,1001.34,38050.92,Quarterly,4,No,24.847065955078943,No,Low
C0349,65,Male,18,518.82,9338.76,Quarterly,4,No,24.40145159320647,No,Low
C0350,30,Female,40,2683.85,107354.0,Monthly,2,No,45.830691408032514,No,Medium
C0351,20,Female,56,2087.7,116911.2,Monthly,7,No,58.64005644763163,Yes,Medium
C0352,44,Female,33,2672.3,88185.9,Yearly,2,No,23.21425012229143,No,Low
C0353,33,Male,40,962.27,38490.8,Quarterly,10,Yes,45.11550836650295,No,Medium
C0354,65,Female,41,1201.82,49274.62,Monthly,8,No,64.22060114192539,Yes,High
C0355,59,Female,63,2187.27,137798.01,Quarterly,6,No,27.526300297244543,No,Low
C0356,22,Female,45,2653.98,119429.1,Quarterly,2,No,20.63574335951648,No,Low
C0357,48,Female,23,313.89,7219.47,Monthly,10,Yes,68.81202621992493,Yes,High
C0358,47,Male,39,734.05,28627.95,Quarterly,3,No,21.334124154992047,No,Low
C0359,19,Male,12,317.24,3806.88,Quarterly,10,No,43.38159476127853,No,Medium
C0360,66,Male,17,612.78,10417.26,Monthly,1,Yes,38.43934383469596,No,Medium
C0361,41,Female,35,646.81,22638.35,Yearly,2,No,17.530438298839908,No,Low
C0362,47,Male,71,1761.42,125060.82,Yearly,1,No,14.017728135998766,No,Low
C0363,45,Male,60,784.64,47078.4,Monthly,4,No,47.07335470716895,No,Medium
C0364,46,Female,22,2830.52,62271.44,Monthly,3,No,57.377185548732534,Yes,Medium
C0365,67,Male,68,1112.6,75656.8,Quarterly,0,No,13.361769590510544,No,Low
C0366,29,Female,22,2213.14,48689.08,Yearly,5,No,33.57359946170994,No,Medium
C0367,18,Male,22,1976.47,43482.34,Quarterly,10,No,52.96650050972055,Yes,Medium
C0368,35,Female,50,2973.4,148670.0,Quarterly,3,No,22.496298069869717,No,Low
C0369,52,Female,52,2347.31,122060.12,Quarterly,6,Yes,30.33181242496137,No,Medium
C0370,46,Female,11,2518.08,27698.88,Monthly,2,No,55.48106579961808,Yes,Medium
C0371,28,Female,58,302.78,17561.24,Monthly,1,Yes,34.50668283452868,No,Medium
C0372,63,Female,29,2849.62,82638.98,Monthly,2,Yes,51.07381249373527,Yes,Medium
C0373,30,Male,39,1722.97,67195.83,Quarterly,10,No,47.74373972529989,No,Medium
C0374,69,Male,32,522.43,16717.76,Quarterly,3,No,21.24353775903249,No,Low
C0375,39,Male,27,2643.75,71381.25,Yearly,7,No,42.75654244040468,No,Medium
C0376,45,Female,21,2755.72,57870.12,Yearly,4,Yes,33.464529697444675,No,Medium
C0377,37,Female,6,2352.25,14113.5,Quarterly,4,No,36.406091173448964,No,Medium
C0378,20,Male,1,1166.01,1166.01,Yearly,5,Yes,31.715296341354264,No,Medium
C0379,32,Male,34,875.38,29762.92,Quarterly,0,No,14.942611052996918,No,Low
C0380,42,Male,24,1295.02,31080.48,Monthly,10,Yes,74.16278996369121,Yes,High
C0381,25,Female,60,800.92,48055.2,Yearly,0,No,12.657970447177524,No,Low
C0382,46,Male,53,714.88,37888.64,Monthly,10,Yes,69.79072979993084,Yes,High
C0383,63,Male,50,2354.76,117738.0,Quarterly,2,No,20.156353685280898,No,Low
C0384,46,Male,64,1094.25,70032.0,Monthly,7,Yes,58.21053656460736,Yes,Medium
C0385,20,Female,20,2450.65,49013.0,Quarterly,8,Yes,47.536856600829054,No,Medium
C0386,47,Female,71,638.0,45298.0,Yearly,3,Yes,18.465158949481484,No,Low
C0387,53,Male,9,841.42,7572.78,Monthly,8,Yes,66.89852782649301,Yes,High
C0388,39,Male,2,2453.41,4906.82,Quarterly,10,No,62.482286525219855,Yes,High
C0389,30,Male,72,1554.42,111918.24,Quarterly,1,No,14.434359310565092,No,Low
C0390,63,Male,38,1087.49,41324.62,Yearly,8,Yes,37.63347604471073,No,Medium
C0391,50,Male,41,406.97,16685.77,Yearly,5,No,25.407783325539736,No,Low
C0392,68,Male,41,953.52,39094.32,Quarterly,8,No,37.820160821092145,No,Medium
C0393,63,Female,32,349.59,11186.88,Monthly,5,No,50.51518133948474,Yes,Medium
C0394,39,Female,20,1234.24,24684.8,Monthly,7,Yes,63.44312365937088,Yes,High
C0395,49,Male,2,1742.45,3484.9,Quarterly,8,Yes,48.75563142413517,No,Medium
C0396,30,Female,30,389.65,11689.5,Quarterly,3,No,19.860508114751898,No,Low
C0397,43,Female,22,1169.66,25732.52,Quarterly,5,Yes,29.21773116928243,No,Low
C0398,56,Female,46,2171.62,99894.52,Monthly,1,Yes,38.98944200569861,No,Medium
C0399,59,Female,44,582.33,25622.52,Yearly,10,No,41.90585204357964,No,Medium
C0400,20,Male,6,1905.9,11435.4,Quarterly,8,Yes,48.87049298694901,No,Medium
C0401,56,Female,32,1106.86,35419.52,Quarterly,7,No,34.596730885719204,No,Medium
C0402,25,Female,50,1988.32,99416.0,Yearly,3,No,20.630709909406264,No,Low
C0403,64,Female,7,2084.21,14589.47,Quarterly,3,Yes,30.967568333659866,No,Medium
C0404,23,Female,58,2416.35,140148.3,Monthly,2,Yes,39.10324249920946,No,Medium
C0405,58,Female,60,2275.29,136517.4,Yearly,10,Yes,41.38849736616857,No,Medium
C0406,35,Female,12,967.18,11606.16,Quarterly,8,No,39.55776502338498,No,Medium
C0407,62,Female,19,2934.84,55761.96,Monthly,3,Yes,59.340172246886034,Yes,Medium
C0408,62,Male,8,2653.95,21231.6,Monthly,4,Yes,66.14072267641887,Yes,High
C0409,49,Male,51,736.52,37562.52,Yearly,5,No,25.562579547476044,No,Low
C0410,35,Male,22,1197.25,26339.5,Monthly,7,Yes,63.98248621215691,Yes,High
C0411,58,Male,59,2055.88,121296.92,Monthly,9,No,66.57408215532217,Yes,High
C0412,68,Female,35,895.52,31343.2,Quarterly,5,No,27.045075808226578,No,Low
C0413,32,Male,7,1549.08,10843.56,Yearly,4,Yes,30.43442880252408,No,Medium
C0414,48,Male,58,2305.31,133707.98,Monthly,3,Yes,44.21422764497894,No,Medium
C0415,54,Male,4,2285.45,9141.8,Quarterly,3,Yes,34.1438181860237,No,Medium
C0416,41,Male,50,2640.99,132049.5,Quarterly,8,No,39.33505077546361,No,Medium
C0417,53,Female,66,1913.85,126314.1,Yearly,3,Yes,18.187205686244138,No,Low
C0418,23,Female,39,1047.44,40850.16,Monthly,2,No,40.71153186358805,No,Medium
C0419,29,Female,3,1982.01,5946.03,Monthly,7,Yes,71.37032406323027,Yes,High
C0420,38,Female,15,936.64,14049.6,Quarterly,9,Yes,42.819113436663905,No,Medium
C0421,25,Female,42,941.37,39537.54,Monthly,1,No,36.39874627984145,No,Medium
C0422,54,Male,69,486.66,33579.54,Monthly,8,No,62.036583848235715,Yes,High
C0423,64,Female,14,1690.01,23660.14,Quarterly,8,No,44.65372022315392,No,Medium
C0424,37,Female,2,557.21,1114.42,Yearly,0,Yes,14.113905030741043,No,Low
C0425,42,Female,28,996.96,27914.88,Quarterly,4,No,24.78457750511014,No,Low
C0426,22,Female,65,2388.38,155244.7,Monthly,7,Yes,56.027859909105196,Yes,Medium
C0427,53,Male,45,939.98,42299.1,Yearly,10,Yes,43.781342201044005,No,Medium
C0428,27,Male,67,1493.47,100062.49,Quarterly,9,No,37.891739647389564,No,Medium
C0429,46,Female,10,2107.35,21073.5,Yearly,8,No,47.58966128118995,No,Medium
C0430,18,Male,5,971.53,4857.65,Yearly,10,Yes,48.03161443806502,No,Medium
C0431,29,Male,1,981.83,981.83,Yearly,5,No,30.373376156732835,No,Medium
C0432,37,Female,28,399.01,11172.28,Monthly,4,No,46.677393525897685,No,Medium
C0433,64,Female,37,2410.83,89200.71,Yearly,7,Yes,37.58937739765503,No,Medium
C0434,61,Male,56,1880.46,105305.76,Yearly,5,No,26.082869295420995,No,Low
C0435,61,Male,61,392.31,23930.91,Yearly,1,No,15.204417983791213,No,Low
C0436,26,Female,37,2828.84,104667.08,Monthly,0,Yes,39.78887415716814,No,Medium
C0437,52,Male,70,786.03,55022.1,Yearly,10,Yes,41.27137885807401,No,Medium
C0438,22,Male,33,1669.53,55094.49,Yearly,9,Yes,43.978348128881365,No,Medium
C0439,37,Male,53,1595.72,84573.16,Quarterly,10,No,44.499238440795985,No,Medium
C0440,60,Male,50,2927.36,146368.0,Yearly,6,No,31.990165457378712,No,Medium
C0441,48,Female,56,1692.11,94758.16,Quarterly,1,No,15.65617080438351,No,Low
C0442,40,Female,44,1737.06,76430.64,Monthly,6,No,57.466852858419855,Yes,Medium
C0443,62,Female,52,2202.64,114537.28,Yearly,9,Yes,39.97030939803981,No,Medium
C0444,25,Female,1,2273.24,2273.24,Monthly,5,Yes,67.42072556891594,Yes,High
C0445,22,Male,47,2170.09,101994.23,Quarterly,6,Yes,32.08294052774086,No,Medium
C0446,43,Male,43,2144.77,92225.11,Quarterly,1,No,18.63086850688109,No,Low
C0447,35,Male,17,2543.37,43237.29,Quarterly,7,No,46.59780947709605,No,Medium
C0448,66,Male,72,2447.88,176247.36,Yearly,3,No,17.557226088376456,No,Low
C0449,50,Female,1,882.32,882.32,Monthly,4,No,51.9783748537964,Yes,Medium
C0450,65,Female,69,1858.4,128229.6,Monthly,1,Yes,33.16993617932249,No,Medium
C0451,67,Female,64,430.17,27530.88,Monthly,8,Yes,61.3011482046252,Yes,High
C0452,50,Male,41,2982.01,122262.41,Yearly,8,Yes,42.697847046788134,No,Medium
C0453,30,Male,31,2293.81,71108.11,Yearly,3,No,26.109101290836854,No,Low
C0454,51,Female,4,2102.5,8410.0,Monthly,5,No,65.54133381193054,Yes,High
C0455,51,Female,13,2454.1,31903.3,Monthly,2,No,54.39073949462029,Yes,Medium
C0456,62,Female,1,624.56,624.56,Quarterly,5,No,27.839410253299086,No,Low
C0457,24,Female,15,2001.56,30023.4,Quarterly,9,Yes,50.02362641441545,Yes,Medium
C0458,24,Female,15,2177.76,32666.4,Monthly,8,Yes,72.97983248466,Yes,High
C0459,50,Female,49,1773.35,86894.15,Yearly,2,No,18.284184604518128,No,Low
C0460,61,Female,11,1929.31,21222.41,Quarterly,9,No,50.963828580737214,Yes,Medium
C0461,19,Male,46,1651.2,75955.2,Monthly,4,No,50.008682237181326,Yes,Medium
C0462,43,Male,72,1701.52,122509.44,Quarterly,5,No,23.85046172316266,No,Low
C0463,45,Male,26,594.08,15446.08,Quarterly,4,No,24.254986403599048,No,Low
C0464,51,Female,48,1866.47,89590.56,Quarterly,3,No,21.648689382701015,No,Low
C0465,32,Female,43,2365.18,101702.74,Quarterly,5,No,29.346996983875727,No,Low
C0466,63,Male,43,349.23,15016.89,Monthly,6,Yes,55.298160387339756,Yes,Medium
C0467,60,Male,47,492.46,23145.62,Yearly,8,No,35.30344823303875,No,Medium
C0468,53,Male,51,462.72,23598.72,Quarterly,4,No,23.11533604092278,No,Low
C0469,30,Male,19,573.84,10902.96,Monthly,3,Yes,45.249116502921694,No,Medium
C0470,65,Male,52,2109.26,109681.52,Yearly,2,No,18.947725731633692,No,Low
C0471,25,Male,16,541.99,8671.84,Quarterly,1,No,16.726272551219047,No,Low
C0472,19,Female,49,2937.16,143920.84,Quarterly,9,Yes,42.632059988329566,No,Medium
C0473,42,Female,7,2139.02,14973.14,Yearly,9,Yes,52.542505299689694,Yes,Medium
C0474,56,Female,13,798.38,10378.94,Quarterly,7,Yes,34.89344662662191,No,Medium
C0475,66,Male,42,800.12,33605.04,Quarterly,7,No,33.71473680724097,No,Medium
C0476,53,Female,68,535.01,36380.68,Monthly,5,No,49.44053120221834,No,Medium
C0477,18,Female,44,417.21,18357.24,Quarterly,9,No,38.23277209152079,No,Medium
C0478,64,Female,13,1924.35,25016.55,Yearly,5,No,34.46915339864771,No,Medium
C0479,38,Male,9,2443.11,21987.99,Yearly,9,Yes,55.44309585638529,Yes,Medium
C0480,41,Female,42,2730.06,114662.52,Yearly,0,Yes,16.316421697988552,No,Low
C0481,43,Male,37,1115.56,41275.72,Yearly,7,No,34.07014823199556,No,Medium
C0482,36,Female,60,2112.85,126771.0,Yearly,8,Yes,33.84324818589247,No,Medium
C0483,35,Female,19,1984.42,37703.98,Monthly,0,Yes,41.522699082467994,No,Medium
C0484,67,Female,69,753.64,52001.16,Quarterly,2,No,16.88535262689122,No,Low
C0485,61,Female,33,885.2,29211.6,Yearly,0,No,14.12739014999049,No,Low
C0486,39,Female,48,1143.13,54870.24,Monthly,2,Yes,39.97572240824236,No,Medium
C0487,45,Female,71,1776.08,126101.68,Monthly,9,Yes,62.713445570908576,Yes,High
C0488,26,Male,57,1641.27,93552.39,Yearly,1,No,15.499702975870724,No,Low
C0489,52,Female,7,2176.89,15238.23,Monthly,2,Yes,54.1623472114896,Yes,Medium
C0490,59,Female,39,2256.2,87991.8,Yearly,10,No,47.75643629147226,No,Medium
C0491,56,Male,24,646.66,15519.84,Monthly,2,No,41.840138894855585,No,Medium
C0492,21,Female,42,2744.92,115286.64,Yearly,3,No,23.589037332588102,No,Low
C0493,57,Male,36,818.04,29449.44,Monthly,7,No,60.9039669942329,Yes,High
C0494,50,Female,70,1258.49,88094.3,Quarterly,3,No,18.623275033000255,No,Low
C0495,30,Male,49,2546.03,124755.47,Quarterly,4,No,25.866937937084494,No,Low
C0496,61,Male,27,2028.45,54768.15,Monthly,7,No,67.43887335172604,Yes,High
C0497,55,Male,72,2057.37,148130.64,Yearly,5,Yes,22.86559805643778,No,Low
C0498,61,Male,58,1199.11,69548.38,Monthly,5,Yes,51.52787403536922,Yes,Medium
C0499,19,Female,44,2086.97,91826.68,Yearly,0,No,14.902455978315226,No,Low
C0500,52,Male,30,1200.64,36019.2,Yearly,5,Yes,28.637286272340322,No,Low
C0501,61,Female,58,2885.59,167364.22,Monthly,8,Yes,62.647432457518406,Yes,High
C0502,33,Male,62,1441.26,89358.12,Yearly,6,No,27.738741390829773,No,Low
C0503,33,Male,12,1238.44,14861.28,Quarterly,7,No,38.845212916245906,No,Medium
C0504,37,Male,3,2803.38,8410.14,Quarterly,6,No,49.90067646264532,No,Medium
C0505,45,Female,5,2290.39,11451.95,Monthly,7,Yes,73.17557904757312,Yes,High
C0506,61,Male,65,2573.49,167276.85,Monthly,4,No,45.89083628300988,No,Medium
C0507,37,Female,70,994.03,69582.1,Quarterly,7,No,30.05252802146034,No,Medium
C0508,56,Male,32,644.83,20634.56,Yearly,5,No,26.475896144011962,No,Low
C0509,69,Male,14,617.65,8647.1,Monthly,6,Yes,57.856861087546804,Yes,Medium
C0510,67,Male,66,1328.46,87678.36,Yearly,1,No,14.845970381213009,No,Low
C0511,44,Female,65,1124.92,73119.8,Yearly,3,No,18.526993954224658,No,Low
C0512,40,Male,26,1921.6,49961.6,Monthly,6,Yes,63.44670053717447,Yes,High
C0513,23,Male,35,2422.95,84803.25,Yearly,5,No,31.825023254967196,No,Medium
C0514,54,Male,12,2812.61,33751.32,Monthly,9,Yes,80.72407013409752,Yes,High
C0515,55,Male,45,1327.68,59745.6,Monthly,7,No,61.29410819075519,Yes,High
C0516,59,Male,30,2247.84,67435.2,Yearly,2,Yes,23.52049804595166,No,Low
C0517,33,Male,7,1122.63,7858.41,Yearly,8,Yes,41.50501683684817,No,Medium
C0518,32,Female,21,361.81,7598.01,Quarterly,10,No,42.506916311515766,No,Medium
C0519,19,Male,35,1234.47,43206.45,Monthly,3,Yes,46.852124754613676,No,Medium
C0520,35,Male,10,2520.7,25207.0,Yearly,8,No,51.80471371267743,Yes,Medium
C0521,50,Female,36,1937.2,69739.2,Yearly,0,No,15.959521090377283,No,Low
C0522,63,Female,54,2539.2,137116.8,Monthly,3,Yes,44.74001935790072,No,Medium
C0523,20,Female,41,2528.04,103649.64,Yearly,4,No,26.276387290295105,No,Low
C0524,51,Male,8,1591.23,12729.84,Monthly,3,No,54.21086782465875,Yes,Medium
C0525,42,Female,68,515.91,35081.88,Yearly,3,No,18.620809997430392,No,Low
C0526,35,Male,60,2598.91,155934.6,Monthly,10,No,69.59695940111096,Yes,High
C0527,19,Female,60,1284.96,77097.6,Yearly,2,Yes,16.538437739058086,No,Low
C0528,22,Female,34,1541.46,52409.64,Quarterly,1,No,17.879902977949072,No,Low
C0529,28,Female,50,456.01,22800.5,Yearly,7,Yes,30.37794915736633,No,Medium
C0530,32,Male,9,684.07,6156.63,Yearly,8,Yes,37.93351582510608,No,Medium
C0531,45,Male,62,1016.55,63026.1,Monthly,6,No,54.64402181961905,Yes,Medium
C0532,33,Male,16,468.19,7491.04,Quarterly,3,No,21.23891588080013,No,Low
C0533,21,Female,40,2497.72,99908.8,Yearly,6,No,32.957860224404826,No,Medium
C0534,69,Male,52,2070.45,107663.4,Monthly,5,Yes,53.74371871004947,Yes,Medium
C0535,56,Female,50,652.92,32646.0,Quarterly,3,No,19.979749559337623,No,Low
C0536,52,Female,7,1718.86,12032.02,Quarterly,5,No,35.09138288794475,No,Medium
C0537,31,Male,71,2280.76,161933.96,Quarterly,5,No,23.32360158693903,No,Low
C0538,22,Male,55,1423.62,78299.1,Monthly,10,Yes,70.01935833810366,Yes,High
C0539,38,Male,21,2352.78,49408.38,Quarterly,9,No,51.848072956277605,Yes,Medium
C0540,56,Female,5,881.05,4405.25,Yearly,4,No,25.501841808635483,No,Low
C0541,43,Male,53,2464.15,130599.95,Monthly,3,No,45.91575793416579,No,Medium
C0542,34,Male,60,2044.44,122666.4,Monthly,4,Yes,47.23667953385276,No,Medium
C0543,69,Male,55,702.94,38661.7,Monthly,3,No,43.83365877819883,No,Medium
C0544,51,Male,52,957.39,49784.28,Quarterly,1,No,16.20913390498928,No,Low
C0545,57,Female,52,2620.83,136283.16,Monthly,9,Yes,67.96345453712088,Yes,High
C0546,38,Female,42,2708.63,113762.46,Yearly,8,No,40.269576667354364,No,Medium
C0547,34,Female,9,2845.64,25610.76,Monthly,1,No,54.73231091530324,Yes,Medium
C0548,65,Female,29,1054.29,30574.41,Yearly,1,No,16.823132446598223,No,Low
C0549,57,Female,21,2527.86,53085.06,Monthly,6,Yes,67.0656581599125,Yes,High
C0550,51,Female,8,2716.82,21734.56,Monthly,7,Yes,75.12539043988183,Yes,High
C0551,66,Female,17,479.96,8159.32,Monthly,7,Yes,59.40770035544208,Yes,Medium
C0552,62,Male,69,2291.07,158083.83,Yearly,0,No,12.262642304819208,No,Low
C0553,40,Male,8,412.52,3300.16,Quarterly,8,No,36.93819599279796,No,Medium
C0554,40,Female,43,2079.4,89414.2,Quarterly,2,No,20.207532054954218,No,Low
C0555,41,Male,24,396.04,9504.96,Yearly,3,No,20.19900358892813,No,Low
C0556,38,Female,58,1547.26,89741.08,Monthly,3,No,42.579037999642104,No,Medium
C0557,28,Female,52,2391.56,124361.12,Yearly,6,No,29.365152718050542,No,Low
C0558,68,Male,28,1258.07,35225.96,Monthly,9,Yes,70.61822852184136,Yes,High
C0559,22,Female,5,2082.82,10414.1,Quarterly,7,Yes,45.610647405398424,No,Medium
C0560,27,Female,38,523.07,19876.66,Monthly,0,No,31.995444819023493,No,Medium
C0561,48,Male,8,2376.9,19015.2,Yearly,8,Yes,51.49128638366084,Yes,Medium
C0562,26,Male,66,2101.85,138722.1,Monthly,2,Yes,37.92051250732029,No,Medium
C0563,66,Male,36,1960.54,70579.44,Yearly,8,No,41.097553447903714,No,Medium
C0564,58,Male,62,2718.7,168559.4,Monthly,9,Yes,65.78729881021047,Yes,High
C0565,38,Female,36,1090.62,39262.32,Quarterly,7,Yes,33.87446421930901,No,Medium
C0566,19,Male,13,1872.54,24343.02,Monthly,1,Yes,47.095071789203836,No,Medium
C0567,28,Male,10,1213.32,12133.2,Yearly,7,Yes,38.00257906572785,No,Medium
C0568,35,Female,55,556.53,30609.15,Quarterly,7,No,31.177284589046533,No,Medium
C0569,31,Female,22,1039.24,22863.28,Monthly,3,No,46.68130864580518,No,Medium
C0570,38,Male,44,833.17,36659.48,Quarterly,0,No,14.417496828591814,No,Low
C0571,38,Male,32,1155.69,36982.08,Monthly,6,No,58.749296223923295,Yes,Medium
C0572,66,Male,12,2781.1,33373.2,Monthly,1,Yes,54.57993796691846,Yes,Medium
C0573,38,Male,13,896.87,11659.31,Monthly,7,Yes,63.23292885283441,Yes,High
C0574,63,Female,7,787.61,5513.27,Monthly,10,Yes,72.37320024036492,Yes,High
C0575,39,Female,22,2958.61,65089.42,Monthly,5,No,65.3746826086384,Yes,High
C0576,45,Male,29,2265.46,65698.34,Monthly,1,No,45.31213863689806,No,Medium
C0577,46,Female,52,2508.02,130417.04,Quarterly,2,No,19.04190811320404,No,Low
C0578,40,Female,44,2278.56,100256.64,Monthly,10,No,72.70905083950977,Yes,High
C0579,54,Male,61,2307.24,140741.64,Yearly,2,No,17.36067011045047,No,Low
C0580,36,Female,23,2159.99,49679.77,Quarterly,6,Yes,37.521034576853836,No,Medium
C0581,61,Female,25,2355.03,58875.75,Monthly,7,No,68.46253917613609,Yes,High
C0582,59,Male,58,325.2,18861.6,Quarterly,0,No,13.763121431169878,No,Low
C0583,61,Female,5,2679.92,13399.6,Monthly,3,No,62.71823305063668,Yes,High
C0584,57,Female,64,2460.19,157452.16,Quarterly,10,Yes,41.03158298946955,No,Medium
C0585,42,Male,10,2304.34,23043.4,Monthly,6,Yes,69.7352594652822,Yes,High
C0586,44,Male,27,2157.29,58246.83,Yearly,8,No,44.16468284197374,No,Medium
C0587,69,Female,36,314.12,11308.32,Yearly,9,No,37.74001239348926,No,Medium
C0588,29,Female,14,2323.77,32532.78,Monthly,4,Yes,60.51359377335418,Yes,High
C0589,37,Male,16,702.0,11232.0,Yearly,6,Yes,30.65095473692837,No,Medium
C0590,23,Female,56,1655.54,92710.24,Yearly,9,No,37.99134261363453,No,Medium
C0591,21,Female,4,2249.59,8998.36,Monthly,7,No,72.93512757096664,Yes,High
C0592,52,Male,26,1357.12,35285.12,Quarterly,4,Yes,27.418603688865094,No,Low
C0593,57,Female,21,378.49,7948.29,Quarterly,3,No,20.169159769529394,No,Low
C0594,62,Female,20,1386.28,27725.6,Monthly,6,No,60.91400755370573,Yes,High
C0595,21,Female,14,2253.19,31544.66,Yearly,4,No,32.43375502543066,No,Medium
C0596,33,Female,58,1816.01,105328.58,Quarterly,3,No,19.864541778445663,No,Low
C0597,41,Female,34,1918.3,65222.2,Yearly,2,Yes,20.808686320998174,No,Low
C0598,48,Male,60,2527.63,151657.8,Quarterly,0,No,13.926092508008175,No,Low
C0599,63,Female,22,2177.62,47907.64,Quarterly,9,No,49.61515222622622,No,Medium
C0600,55,Female,31,2527.85,78363.35,Yearly,2,No,23.357975228363912,No,Low
C0601,65,Male,45,698.12,31415.4,Yearly,6,Yes,29.09354536798671,No,Low
C0602,66,Male,55,936.82,51525.1,Yearly,3,No,20.143838817377446,No,Low
C0603,66,Female,47,2995.54,140790.38,Monthly,5,Yes,55.939572092492895,Yes,Medium
C0604,62,Female,33,1437.37,47433.21,Monthly,3,Yes,47.34710585215598,No,Medium
C0605,37,Female,47,619.51,29116.97,Monthly,5,No,50.4860738819649,Yes,Medium
C0606,64,Female,9,2865.84,25792.56,Yearly,4,No,38.67489871089325,No,Medium
C0607,69,Male,61,2945.05,179648.05,Quarterly,2,No,18.040413646243493,No,Low
C0608,30,Male,70,1698.81,118916.7,Quarterly,2,No,16.585637266950712,No,Low
C0609,36,Male,42,2602.37,109299.54,Monthly,9,No,71.73585184695442,Yes,High
C0610,68,Female,69,2573.22,177552.18,Yearly,4,No,19.754526267622907,No,Low
C0611,37,Female,49,1474.99,72274.51,Yearly,4,No,22.895611787366217,No,Low
C0612,53,Female,70,2004.16,140291.2,Yearly,6,Yes,25.30241740880449,No,Low
C0613,56,Male,35,1479.5,51782.5,Quarterly,8,Yes,40.31980748829748,No,Medium
C0614,53,Male,70,454.66,31826.2,Monthly,8,Yes,62.02454653405118,Yes,High
C0615,48,Female,24,1574.56,37789.44,Quarterly,4,No,27.71116988041356,No,Low
C0616,47,Female,24,454.05,10897.2,Yearly,5,No,25.100087477240262,No,Low
C0617,45,Female,7,966.84,6767.88,Quarterly,7,Yes,36.532565060903316,No,Medium
C0618,27,Female,16,2350.38,37606.08,Yearly,9,No,51.21203430657899,Yes,Medium
C0619,42,Female,70,476.49,33354.3,Yearly,3,No,18.594585137007062,No,Low
C0620,60,Male,57,1233.99,70337.43,Quarterly,1,No,16.059412063024997,No,Low
C0621,50,Male,7,533.35,3733.45,Quarterly,1,No,17.09839818941964,No,Low
C0622,49,Male,20,645.57,12911.4,Monthly,6,Yes,57.446826328175625,Yes,Medium
C0623,38,Male,42,2535.24,106480.08,Monthly,7,Yes,64.87000867466655,Yes,High
C0624,31,Male,57,1635.1,93200.7,Monthly,4,No,47.75134585918658,No,Medium
C0625,35,Male,69,2066.27,142572.63,Monthly,9,Yes,63.81868071723291,Yes,High
C0626,54,Female,49,1552.62,76078.38,Quarterly,8,Yes,36.80501099506612,No,Medium
C0627,38,Male,12,1243.67,14924.04,Quarterly,8,No,42.690355464077676,No,Medium
C0628,50,Male,50,2244.02,112201.0,Yearly,9,No,41.60322949691635,No,Medium
C0629,24,Female,33,1713.16,56534.28,Quarterly,1,No,18.447501169766163,No,Low
C0630,45,Female,58,1764.87,102362.46,Quarterly,6,No,28.41726474440674,No,Low
C0631,39,Male,49,1767.55,86609.95,Quarterly,5,No,27.855371167986664,No,Low
C0632,63,Female,70,2586.68,181067.6,Quarterly,9,Yes,35.36648076121766,No,Medium
C0633,38,Male,5,2853.38,14266.9,Yearly,8,Yes,56.34949206304783,Yes,Medium
C0634,19,Male,16,1411.77,22588.32,Monthly,6,No,62.38733667968822,Yes,High
C0635,39,Female,40,602.23,24089.2,Monthly,10,Yes,69.28115325851832,Yes,High
C0636,27,Female,64,2443.77,156401.28,Yearly,0,No,12.245938730044873,No,Low
C0637,49,Male,7,2654.77,18583.39,Yearly,9,No,57.915641150447975,Yes,Medium
C0638,21,Female,15,853.18,12797.7,Monthly,4,Yes,50.03423816969249,Yes,Medium
C0639,32,Male,14,944.75,13226.5,Yearly,8,No,39.350131193615994,No,Medium
C0640,57,Female,58,2326.97,134964.26,Monthly,0,No,32.28133849694628,No,Medium
C0641,19,Female,25,554.21,13855.25,Quarterly,2,No,18.035135090404257,No,Low
C0642,25,Female,44,1754.49,77197.56,Yearly,3,Yes,21.285802190088297,No,Low
C0643,52,Female,6,1304.22,7825.32,Quarterly,6,Yes,35.706226966132405,No,Medium
C0644,42,Female,50,552.2,27610.0,Yearly,4,No,21.70074862936653,No,Low
C0645,68,Female,11,850.17,9351.87,Yearly,9,Yes,42.00553313419207,No,Medium
C0646,25,Female,24,1263.01,30312.24,Monthly,8,Yes,66.42779262016562,Yes,High
C0647,53,Male,72,2454.37,176714.64,Quarterly,7,No,29.058220719851374,No,Low
C0648,35,Female,42,1508.53,63358.26,Yearly,5,Yes,26.84704550825468,No,Low
C0649,29,Female,2,1155.26,2310.52,Yearly,2,No,21.66448395936379,No,Low
C0650,62,Male,3,2722.4,8167.2,Monthly,10,Yes,84.5557743638936,Yes,High
C0651,57,Female,33,1914.9,63191.7,Yearly,6,Yes,33.23702852221585,No,Medium
C0652,25,Female,32,2066.59,66130.88,Quarterly,10,No,49.63984171571462,No,Medium
C0653,54,Female,4,2456.2,9824.8,Yearly,5,No,40.82451300132992,No,Medium
C0654,36,Male,32,617.64,19764.48,Quarterly,10,Yes,44.54075457155455,No,Medium
C0655,63,Male,16,2968.72,47499.52,Monthly,6,Yes,72.10322358366116,Yes,High
C0656,38,Male,30,2013.61,60408.3,Quarterly,3,Yes,26.133167432316913,No,Low
C0657,45,Female,59,738.03,43543.77,Yearly,10,Yes,40.98793937873356,No,Medium
C0658,22,Female,25,551.18,13779.5,Yearly,3,No,19.848794094981482,No,Low
C0659,42,Female,20,2703.7,54074.0,Quarterly,4,No,34.339400113071605,No,Medium
C0660,52,Female,61,1209.47,73777.67,Monthly,8,Yes,61.29667839678521,Yes,High
C0661,69,Male,50,599.02,29951.0,Quarterly,8,No,36.319253629083505,No,Medium
C0662,28,Male,66,2518.42,166215.72,Monthly,8,Yes,60.590651913185965,Yes,High
C0663,38,Female,3,2675.52,8026.56,Monthly,9,Yes,81.32650670587157,Yes,High
C0664,65,Female,21,604.95,12703.95,Monthly,9,No,67.15521262383503,Yes,High
C0665,50,Female,35,683.32,23916.2,Monthly,8,Yes,62.991335420721015,Yes,High
C0666,68,Male,47,816.4,38370.8,Monthly,10,Yes,70.56354560227673,Yes,High
C0667,40,Male,48,1858.57,89211.36,Yearly,0,No,14.800880784379828,No,Low
C0668,22,Female,11,2578.09,28358.99,Yearly,10,No,58.29432171826008,Yes,Medium
C0669,52,Male,33,640.91,21150.03,Quarterly,1,Yes,16.64968893806437,No,Low
C0670,19,Female,40,310.31,12412.4,Yearly,6,No,27.039892737363424,No,Low
C0671,23,Male,20,913.38,18267.6,Monthly,7,Yes,62.49574859607502,Yes,High
C0672,40,Male,63,1219.03,76798.89,Monthly,9,No,65.56779921726988,Yes,High
C0673,42,Female,47,1124.34,52843.98,Monthly,4,No,47.75045193751057,No,Medium
C0674,52,Female,57,1120.66,63877.62,Yearly,3,No,19.25499587552728,No,Low
C0675,31,Male,17,2368.37,40262.29,Quarterly,2,Yes,27.63828516097388,No,Low
C0676,30,Female,6,2110.98,12665.88,Yearly,6,Yes,40.90364703721615,No,Medium
C0677,44,Female,46,1542.97,70976.62,Monthly,3,Yes,45.00824828284215,No,Medium
C0678,25,Male,62,1327.08,82278.96,Yearly,10,No,41.618581642523424,No,Medium
C0679,37,Male,25,1437.9,35947.5,Monthly,9,Yes,71.53190935899411,Yes,High
C0680,55,Male,22,2617.52,57585.44,Yearly,2,Yes,26.979012458343664,No,Low
C0681,63,Male,51,2530.31,129045.81,Yearly,2,Yes,19.5226188242275,No,Low
C0682,26,Female,28,348.62,9761.36,Monthly,6,No,54.066608613469036,Yes,Medium
C0683,31,Male,63,1809.8,114017.4,Yearly,6,Yes,27.507629801030358,No,Low
C0684,36,Female,47,1514.57,71184.79,Yearly,7,No,32.53397459155826,No,Medium
C0685,55,Male,53,1759.89,93274.17,Quarterly,7,No,33.821980669933495,No,Medium
C0686,34,Female,30,424.53,12735.9,Quarterly,0,No,13.547955373314648,No,Low
C0687,69,Male,14,1915.57,26817.98,Monthly,2,No,51.591547124396165,Yes,Medium
C0688,58,Female,59,2271.66,134027.94,Yearly,8,No,34.37325081552988,No,Medium
C0689,21,Female,68,2668.55,181461.4,Quarterly,1,No,13.696346219507069,No,Low
C0690,58,Female,41,2970.38,121785.58,Yearly,6,Yes,34.31337556476313,No,Medium
C0691,33,Male,62,2445.36,151612.32,Yearly,2,No,17.042945901355267,No,Low
C0692,28,Male,64,2430.73,155566.72,Quarterly,4,No,22.058417838381793,No,Low
C0693,38,Male,69,981.23,67704.87,Quarterly,4,No,22.105200936615702,No,Low
C0694,20,Female,44,610.32,26854.08,Quarterly,8,Yes,35.11224712762473,No,Medium
C0695,26,Female,68,2645.09,179866.12,Quarterly,1,No,13.733389351528544,No,Low
C0696,41,Female,65,367.88,23912.2,Monthly,6,Yes,53.42643737717437,Yes,Medium
C0697,64,Male,40,1155.76,46230.4,Monthly,8,Yes,65.26544979569817,Yes,High
C0698,36,Female,26,745.03,19370.78,Monthly,5,No,52.44504201702033,Yes,Medium
C0699,57,Male,21,2004.53,42095.13,Yearly,3,No,27.420184626241785,No,Low
C0700,46,Female,51,941.07,47994.57,Quarterly,6,No,28.702412793196437,No,Low
C0701,45,Male,28,932.3,26104.4,Quarterly,2,No,19.993435366224737,No,Low
C0702,39,Female,66,1033.24,68193.84,Quarterly,10,No,41.11093552193859,No,Medium
C0703,58,Female,1,1026.19,1026.19,Quarterly,5,No,30.8148440775102,No,Medium
C0704,23,Male,25,307.89,7697.25,Yearly,5,Yes,25.139424147010114,No,Low
C0705,43,Female,27,678.07,18307.89,Monthly,9,No,66.95503734666876,Yes,High
C0706,18,Male,57,1194.64,68094.48,Yearly,0,No,13.387571001100588,No,Low
C0707,52,Female,40,1568.31,62732.4,Yearly,3,Yes,21.709849684712484,No,Low
C0708,66,Male,13,1749.92,22748.96,Monthly,0,Yes,42.8833881367541,No,Medium
C0709,63,Female,62,2549.96,158097.52,Quarterly,3,Yes,19.432338617986538,No,Low
C0710,50,Female,39,2466.98,96212.22,Monthly,0,No,38.13610181580373,No,Medium
C0711,59,Male,54,2815.74,152049.96,Quarterly,8,No,38.32630439415574,No,Medium
C0712,41,Male,37,1068.32,39527.84,Yearly,0,No,14.71802121684506,No,Low
C0713,41,Female,21,1232.1,25874.1,Quarterly,6,Yes,32.976492518982006,No,Medium
C0714,58,Female,39,1632.58,63670.62,Monthly,10,Yes,72.37089560058449,Yes,High
C0715,63,Female,19,1516.61,28815.59,Yearly,0,No,16.992284273032485,No,Low
C0716,57,Male,19,1409.76,26785.44,Yearly,7,Yes,38.20306918987259,No,Medium
C0717,62,Male,12,2121.44,25457.28,Yearly,0,No,21.311248778100992,No,Low
C0718,62,Male,69,304.23,20991.87,Yearly,10,Yes,41.98802650569775,No,Medium
C0719,63,Male,30,995.54,29866.2,Yearly,6,Yes,31.18893533415076,No,Medium
C0720,66,Female,47,2653.31,124705.57,Quarterly,1,No,18.05807444870686,No,Low
C0721,19,Female,68,1336.36,90872.48,Quarterly,3,No,18.560192048572038,No,Low
C0722,35,Female,19,1910.07,36291.33,Quarterly,7,Yes,40.81591379799766,No,Medium
C0723,37,Female,15,2324.6,34869.0,Yearly,1,No,23.399988154007467,No,Low
C0724,46,Male,66,2697.71,178048.86,Yearly,9,No,36.625394914657036,No,Medium
C0725,31,Male,51,2765.87,141059.37,Yearly,8,Yes,38.167525158832746,No,Medium
C0726,56,Female,28,763.99,21391.72,Yearly,5,No,26.2481267884091,No,Low
C0727,44,Male,2,1730.98,3461.96,Monthly,2,Yes,52.74063909199926,Yes,Medium
C0728,33,Male,40,2514.03,100561.2,Quarterly,8,No,42.37648116683318,No,Medium
C0729,29,Female,35,1511.9,52916.5,Monthly,6,Yes,58.488727365505255,Yes,Medium
C0730,62,Female,62,1808.33,112116.46,Monthly,8,Yes,61.21826791979079,Yes,High
C0731,40,Female,24,2061.19,49468.56,Yearly,4,No,29.0866557326261,No,Low
C0732,60,Male,18,1390.52,25029.36,Yearly,6,Yes,34.68399950956555,No,Medium
C0733,26,Male,53,2626.7,139215.1,Yearly,1,No,16.64060104179693,No,Low
C0734,49,Female,67,1515.33,101527.11,Yearly,8,Yes,32.632332108070855,No,Medium
C0735,40,Male,48,333.24,15995.52,Quarterly,10,Yes,43.043747720374405,No,Medium
C0736,53,Female,33,1719.69,56749.77,Monthly,1,Yes,40.7778824559836,No,Medium
C0737,45,Male,37,2043.5,75609.5,Monthly,4,No,53.67763947184617,Yes,Medium
C0738,18,Female,65,2855.94,185636.1,Quarterly,2,No,16.16253486751986,No,Low
C0739,46,Female,60,1323.06,79383.6,Quarterly,2,No,17.245420281479106,No,Low
C0740,60,Female,11,1140.29,12543.19,Monthly,5,Yes,56.87037095338721,Yes,Medium
C0741,22,Female,8,1284.4,10275.2,Quarterly,3,No,25.206210066866586,No,Low
C0742,29,Female,65,584.2,37973.0,Quarterly,0,No,12.953467172284286,No,Low
C0743,62,Male,50,1611.09,80554.5,Quarterly,7,No,34.28868766647537,No,Medium
C0744,41,Male,59,1736.16,102433.44,Quarterly,3,No,20.49079163304205,No,Low
C0745,43,Male,27,863.93,23326.11,Quarterly,10,No,46.185042732510176,No,Medium
C0746,44,Male,51,363.05,18515.55,Yearly,10,No,42.14645323343811,No,Medium
C0747,32,Female,30,651.13,19533.9,Quarterly,9,No,39.85542646395697,No,Medium
C0748,54,Female,42,1311.97,55102.74,Yearly,2,No,18.488635782766806,No,Low
C0749,40,Female,6,1927.95,11567.7,Quarterly,8,No,48.121827811866034,No,Medium
C0750,66,Male,29,1078.69,31282.01,Yearly,3,No,22.518049273867213,No,Low
C0751,34,Male,22,1761.8,38759.6,Quarterly,4,No,29.771592575251383,No,Low
C0752,58,Female,49,1737.1,85117.9,Yearly,5,No,26.31420813619138,No,Low
C0753,40,Female,51,1261.7,64346.7,Quarterly,1,No,15.840335004775355,No,Low
C0754,49,Male,51,778.36,39696.36,Monthly,4,No,47.88744272726697,No,Medium
C0755,63,Female,21,2909.33,61095.93,Monthly,6,Yes,69.13204317077243,Yes,High
C0756,21,Female,1,1867.26,1867.26,Monthly,7,No,70.88100898558758,Yes,High
C0757,52,Female,13,1990.83,25880.79,Monthly,10,Yes,78.35546379316709,Yes,High
C0758,53,Male,51,2412.45,123034.95,Yearly,2,No,19.33699447726226,No,Low
C0759,35,Male,24,1975.78,47418.72,Yearly,4,Yes,29.60055994075787,No,Low
C0760,56,Male,8,406.54,3252.32,Quarterly,0,Yes,14.502833821877639,No,Low
C0761,54,Female,36,2748.75,98955.0,Yearly,10,Yes,50.50036257011605,Yes,Medium
C0762,51,Male,11,1254.34,13797.74,Monthly,5,No,58.73983707365149,Yes,Medium
C0763,38,Female,11,1783.17,19614.87,Quarterly,4,No,31.139283452206236,No,Medium
C0764,34,Female,56,1044.57,58495.92,Quarterly,9,No,38.528616126839076,No,Medium
C0765,29,Female,70,701.75,49122.5,Quarterly,2,No,16.64076644618705,No,Low
C0766,43,Female,48,552.92,26540.16,Quarterly,3,No,19.844374111047212,No,Low
C0767,49,Male,70,1889.58,132270.6,Quarterly,9,No,37.10708537286245,No,Medium
C0768,53,Male,33,1819.32,60037.56,Yearly,6,No,33.863369527468485,No,Medium
C0769,32,Female,27,1680.44,45371.88,Quarterly,8,No,41.4245313465238,No,Medium
C0770,68,Male,51,2715.02,138466.02,Quarterly,10,No,47.00190958728472,No,Medium
C0771,35,Male,51,1925.72,98211.72,Quarterly,3,No,21.869374590198817,No,Low
C0772,24,Female,35,841.28,29444.8,Yearly,8,Yes,35.621290403325766,No,Medium
C0773,25,Male,45,1485.7,66856.5,Yearly,0,No,14.627546938502833,No,Low
C0774,50,Female,72,468.64,33742.08,Yearly,5,No,23.781940352492466,No,Low
C0775,20,Female,59,383.13,22604.67,Monthly,6,No,53.34647592664202,Yes,Medium
C0776,33,Male,22,2156.85,47450.7,Quarterly,10,Yes,54.192892250916515,Yes,Medium
C0777,20,Male,54,1723.51,93069.54,Monthly,4,Yes,48.36989597157588,No,Medium
C0778,33,Female,66,1200.2,79213.2,Quarterly,2,Yes,16.64520817158306,No,Low
C0779,47,Male,57,2442.16,139203.12,Monthly,2,Yes,40.80090060440269,No,Medium
C0780,36,Female,8,2985.55,23884.4,Quarterly,7,Yes,52.13693882533191,Yes,Medium
C0781,24,Male,30,338.65,10159.5,Quarterly,0,No,13.849938381851745,No,Low
C0782,53,Female,25,2008.85,50221.25,Monthly,4,No,55.70620356488634,Yes,Medium
C0783,30,Female,8,2376.09,19008.72,Monthly,8,Yes,75.81269079569385,Yes,High
C0784,18,Male,36,2190.09,78843.24,Quarterly,7,No,38.610161970646814,No,Medium
C0785,40,Female,9,2252.5,20272.5,Monthly,3,Yes,57.865613025943,Yes,Medium
C0786,47,Female,72,599.69,43177.68,Quarterly,1,No,14.698793534803062,No,Low
C0787,62,Male,61,572.54,34924.94,Quarterly,5,No,25.78076620579442,No,Low
C0788,33,Female,66,507.53,33496.98,Monthly,6,No,53.220393901326624,Yes,Medium
C0789,51,Male,16,1591.3,25460.8,Quarterly,1,Yes,21.28497516761917,No,Low
C0790,19,Male,13,2100.51,27306.63,Yearly,1,No,23.37330727766678,No,Low
C0791,56,Male,67,2469.4,165449.8,Yearly,7,No,29.68325309304855,No,Low
C0792,44,Female,53,2574.02,136423.06,Quarterly,0,Yes,14.557783436928231,No,Low
C0793,58,Male,30,2943.25,88297.5,Quarterly,4,No,33.19653435609455,No,Medium
C0794,36,Female,53,1423.53,75447.09,Quarterly,8,No,35.72226267468685,No,Medium
C0795,39,Female,31,2699.38,83680.78,Monthly,6,Yes,64.4612297179046,Yes,High
C0796,49,Female,62,1525.66,94590.92,Yearly,3,No,18.794031720186453,No,Low
C0797,25,Female,54,493.79,26664.66,Yearly,1,Yes,14.574474423988793,No,Low
C0798,31,Male,50,2227.67,111383.5,Yearly,3,No,21.721133905004265,No,Low
C0799,41,Female,22,1820.88,40059.36,Monthly,3,Yes,51.40743882976976,Yes,Medium
C0800,30,Male,59,2393.43,141212.37,Quarterly,1,No,15.949418517666633,No,Low
C0801,29,Female,31,1067.54,33093.74,Monthly,1,No,38.11299199341538,No,Medium
C0802,51,Female,49,1157.48,56716.52,Yearly,0,No,13.540295138871263,No,Low
C0803,46,Female,26,2230.6,57995.6,Monthly,5,Yes,60.30097483699267,Yes,High
C0804,55,Female,50,1560.81,78040.5,Monthly,5,No,52.11989055793826,Yes,Medium
C0805,22,Male,44,2300.44,101219.36,Quarterly,10,No,48.03152587069464,No,Medium
C0806,18,Male,19,1825.46,34683.74,Quarterly,1,No,21.62221672590704,No,Low
C0807,61,Female,68,2430.12,165248.16,Monthly,2,Yes,36.37779117978957,No,Medium
C0808,30,Female,49,1318.75,64618.75,Quarterly,7,No,32.64419393220772,No,Medium
C0809,29,Female,51,541.08,27595.08,Monthly,9,Yes,65.09554483939253,Yes,High
C0810,40,Male,29,1346.65,39052.85,Yearly,10,No,47.34659444385966,No,Medium
C0811,42,Female,55,311.78,17147.9,Yearly,6,Yes,27.054326862708216,No,Low
C0812,38,Male,21,2663.88,55941.48,Quarterly,4,No,34.787079055940566,No,Medium
C0813,50,Female,24,2354.8,56515.2,Quarterly,0,No,19.701929991275033,No,Low
C0814,21,Female,47,2848.75,133891.25,Yearly,8,Yes,38.59064837756161,No,Medium
C0815,38,Male,12,2998.56,35982.72,Monthly,0,No,52.00267012800911,Yes,Medium
C0816,54,Female,48,1339.82,64311.36,Quarterly,8,No,36.59263346220104,No,Medium
C0817,52,Male,47,599.64,28183.08,Quarterly,2,No,18.31298717146681,No,Low
C0818,61,Male,71,2372.43,168442.53,Yearly,1,No,13.67833067914733,No,Low
C0819,54,Male,13,1422.65,18494.45,Monthly,1,No,44.241010167147316,No,Medium
C0820,33,Male,9,2074.85,18673.65,Yearly,10,Yes,56.370433775786246,Yes,Medium
C0821,39,Male,45,397.03,17866.35,Yearly,8,Yes,34.95467041541338,No,Medium
C0822,41,Male,8,2059.43,16475.44,Yearly,1,No,24.34237754708308,No,Low
C0823,20,Male,28,2931.4,82079.2,Quarterly,4,Yes,33.497220952140424,No,Medium
C0824,45,Female,54,837.88,45245.52,Quarterly,3,No,19.863153250100112,No,Low
C0825,38,Female,13,456.85,5939.05,Yearly,5,No,25.350426888752814,No,Low
C0826,27,Male,53,1022.5,54192.5,Yearly,4,No,22.689035326029128,No,Low
C0827,27,Male,46,953.1,43842.6,Monthly,5,Yes,52.36427380140617,Yes,Medium
C0828,41,Female,2,352.18,704.36,Yearly,3,No,19.616687318784575,No,Low
C0829,31,Female,10,384.84,3848.4,Yearly,2,No,17.258039878212575,No,Low
C0830,64,Male,17,2746.38,46688.46,Quarterly,3,No,33.368248937346586,No,Medium
C0831,41,Male,29,1553.06,45038.74,Quarterly,3,Yes,24.666021113850487,No,Low
C0832,43,Male,65,1142.03,74231.95,Monthly,0,No,31.753247873538182,No,Medium
C0833,57,Female,58,2614.25,151626.5,Yearly,5,No,25.082074850631525,No,Low
C0834,59,Female,59,1332.97,78645.23,Yearly,8,Yes,34.06496791221739,No,Medium
C0835,51,Male,37,1017.07,37631.59,Monthly,4,No,49.98658260740193,No,Medium
C0836,42,Female,33,2295.37,75747.21,Yearly,6,No,34.54215497825188,No,Medium
C0837,69,Male,57,1303.7,74310.9,Quarterly,10,Yes,43.833662061939265,No,Medium
C0838,53,Male,7,2673.99,18717.93,Quarterly,2,Yes,32.66193902378257,No,Medium
C0839,26,Female,32,2726.11,87235.52,Yearly,0,No,18.375831814188505,No,Low
C0840,40,Male,72,859.16,61859.52,Monthly,10,Yes,68.29935070730853,Yes,High
C0841,21,Male,67,2217.37,148563.79,Monthly,1,Yes,33.94276233792786,No,Medium
C0842,51,Male,28,1578.18,44189.04,Yearly,6,No,33.842687216917064,No,Medium
C0843,61,Female,4,2886.03,11544.12,Monthly,8,Yes,79.95815434919572,Yes,High
C0844,22,Male,56,2976.59,166689.04,Yearly,1,No,16.1782078500497,No,Low
C0845,28,Female,15,1815.49,27232.35,Quarterly,5,No,33.82064152496445,No,Medium
C0846,58,Male,17,908.53,15445.01,Quarterly,6,No,32.80317680010789,No,Medium
C0847,59,Female,57,1980.52,112889.64,Quarterly,9,No,39.274231132378745,No,Medium
C0848,62,Male,11,2950.46,32455.06,Yearly,7,Yes,51.11707900844079,Yes,Medium
C0849,57,Female,68,1348.05,91667.4,Quarterly,10,No,40.76904256484238,No,Medium
C0850,60,Female,65,1232.02,80081.3,Yearly,3,No,18.600669463923282,No,Low
C0851,55,Female,54,1568.97,84724.38,Quarterly,8,No,35.898855470252165,No,Medium
C0852,63,Female,26,697.72,18140.72,Monthly,4,No,48.60681260719238,No,Medium
C0853,37,Male,52,921.68,47927.36,Yearly,7,No,31.958385639617394,No,Medium
C0854,50,Male,50,1115.18,55759.0,Quarterly,1,Yes,16.474969031289422,No,Low
C0855,32,Female,61,2862.49,174611.89,Quarterly,4,Yes,22.005206041449483,No,Low
C0856,23,Male,38,2807.38,106680.44,Yearly,1,No,20.26537350035193,No,Low
C0857,31,Male,46,1468.6,67555.6,Monthly,2,No,42.00927489356652,No,Medium
C0858,47,Male,6,1502.96,9017.76,Monthly,10,Yes,77.61274611237575,Yes,High
C0859,61,Male,33,669.9,22106.7,Monthly,10,Yes,71.04294667852301,Yes,High
C0860,30,Male,50,2605.22,130261.0,Monthly,5,Yes,54.78278816406532,Yes,Medium
C0861,58,Male,16,2018.65,32298.4,Yearly,7,Yes,42.72639657006935,No,Medium
C0862,43,Female,62,1837.76,113941.12,Monthly,10,Yes,68.11559509930638,Yes,High
C0863,54,Female,18,1902.61,34246.98,Monthly,6,Yes,64.30748724203929,Yes,High
C0864,55,Male,26,338.31,8796.06,Quarterly,2,No,18.24584955766022,No,Low
C0865,46,Female,59,1258.61,74257.99,Yearly,0,No,12.878397483002463,No,Low
C0866,60,Male,43,1707.94,73441.42,Quarterly,1,No,18.019513013056063,No,Low
C0867,51,Female,8,736.51,5892.08,Yearly,7,Yes,33.93914373253582,No,Medium
C0868,47,Male,65,1537.23,99919.95,Monthly,0,Yes,31.613457856214673,No,Medium
C0869,37,Female,44,332.68,14637.92,Quarterly,9,Yes,38.22279392120851,No,Medium
C0870,53,Female,28,917.43,25688.04,Quarterly,10,Yes,45.31740814071321,No,Medium
C0871,38,Male,42,1168.51,49077.42,Quarterly,1,No,17.096673015911605,No,Low
C0872,25,Female,48,557.58,26763.84,Quarterly,4,No,22.30277751157361,No,Low
C0873,44,Male,67,2715.54,181941.18,Quarterly,9,Yes,37.129053757633095,No,Medium
C0874,53,Female,9,715.28,6437.52,Monthly,6,Yes,57.60715846621166,Yes,Medium
C0875,44,Male,34,2981.79,101380.86,Quarterly,8,No,46.443286205962416,No,Medium
C0876,46,Male,71,1303.65,92559.15,Monthly,3,Yes,41.581578923297826,No,Medium
C0877,37,Female,35,455.8,15953.0,Quarterly,6,No,28.48942635934867,No,Low
C0878,44,Male,17,2426.38,41248.46,Quarterly,3,Yes,31.309413071014642,No,Medium
C0879,46,Male,53,1268.16,67212.48,Monthly,3,Yes,44.43925944902726,No,Medium
C0880,18,Female,1,817.3,817.3,Monthly,3,Yes,47.14972645449576,No,Medium
C0881,69,Female,10,2567.5,25675.0,Monthly,8,Yes,76.72352268136477,Yes,High
C0882,58,Female,5,397.25,1986.25,Monthly,0,No,32.74443333059122,No,Medium
C0883,39,Male,41,2866.24,117515.84,Monthly,4,No,55.02508791046515,Yes,Medium
C0884,28,Male,56,1866.24,104509.44,Yearly,2,No,17.89522753134164,No,Low
C0885,29,Female,26,2567.08,66744.08,Quarterly,6,No,38.65981112984415,No,Medium
C0886,64,Male,71,2583.79,183449.09,Monthly,4,No,43.80564541875278,No,Medium
C0887,38,Female,4,2522.53,10090.12,Yearly,3,No,33.92546054842183,No,Medium
C0888,32,Male,8,802.57,6420.56,Monthly,2,No,43.83902227400031,No,Medium
C0889,65,Male,46,859.1,39518.6,Monthly,8,Yes,63.86388206607041,Yes,High
C0890,44,Female,68,1097.15,74606.2,Yearly,2,No,16.083162067908255,No,Low
C0891,54,Female,1,1405.41,1405.41,Yearly,7,Yes,40.127193639924094,No,Medium
C0892,44,Female,40,428.63,17145.2,Quarterly,3,No,19.86255729764536,No,Low
C0893,51,Male,24,1252.03,30048.72,Quarterly,3,No,24.245252745032598,No,Low
C0894,20,Male,34,2664.88,90605.92,Yearly,6,Yes,36.48232780055663,No,Medium
C0895,69,Female,23,2813.73,64715.79,Yearly,4,Yes,33.319770690724226,No,Medium
C0896,58,Female,57,1894.16,107967.12,Quarterly,5,No,25.71550727720288,No,Low
C0897,23,Female,57,2927.31,166856.67,Yearly,6,No,28.27426856921642,No,Low
C0898,56,Male,38,327.24,12435.12,Monthly,3,Yes,43.63949131812181,No,Medium
C0899,20,Female,51,440.13,22446.63,Yearly,3,No,18.882639531348758,No,Low
C0900,45,Male,38,2275.66,86475.08,Yearly,3,No,24.53209291452116,No,Low
C0901,64,Male,41,2590.75,106220.75,Yearly,6,Yes,34.36388587036203,No,Medium
C0902,67,Male,30,1178.3,35349.0,Yearly,8,No,39.08013108792198,No,Medium
C0903,65,Male,27,1032.88,27887.76,Monthly,8,No,66.36991080495677,Yes,High
C0904,65,Male,47,2478.07,116469.29,Quarterly,6,No,33.090029797890196,No,Medium
C0905,33,Male,22,1361.63,29955.86,Yearly,4,No,27.06571615225095,No,Low
C0906,25,Male,16,511.83,8189.28,Monthly,9,No,67.48633313048701,Yes,High
C0907,27,Male,32,751.77,24056.64,Quarterly,8,No,37.5037293817565,No,Medium
C0908,34,Male,11,1996.77,21964.47,Quarterly,5,No,37.07288475947602,No,Medium
C0909,34,Female,68,2862.86,194674.48,Quarterly,8,No,32.00365494347386,No,Medium
C0910,38,Male,65,2212.92,143839.8,Yearly,2,No,16.579116192080566,No,Low
C0911,53,Female,66,2182.47,144043.02,Quarterly,6,No,26.772093429991482,No,Low
C0912,23,Male,1,629.48,629.48,Quarterly,9,No,42.56630357587505,No,Medium
C0913,56,Female,57,1039.99,59279.43,Quarterly,10,No,42.38480093560885,No,Medium
C0914,58,Female,13,876.16,11390.08,Monthly,3,No,46.92094179899235,No,Medium
C0915,69,Male,3,620.96,1862.88,Quarterly,0,No,15.614003181041088,No,Low
C0916,29,Male,47,1475.38,69342.86,Yearly,0,No,14.447925290385585,No,Low
C0917,34,Female,67,1602.75,107384.25,Monthly,3,No,40.733901379633636,No,Medium
C0918,49,Female,68,1337.76,90967.68,Yearly,2,Yes,15.987405771368888,No,Low
C0919,60,Female,35,330.83,11579.05,Monthly,9,No,65.3829789215479,Yes,High
C0920,50,Male,14,2576.85,36075.9,Quarterly,6,No,44.18431603321083,No,Medium
C0921,21,Male,59,1652.94,97523.46,Quarterly,5,Yes,25.828200530305377,No,Low
C0922,50,Female,49,1759.98,86239.02,Yearly,4,No,23.377846411751726,No,Low
C0923,18,Male,69,2239.83,154548.27,Yearly,5,No,23.018841474480524,No,Low
C0924,57,Female,13,2896.09,37649.17,Quarterly,2,Yes,31.17145413477645,No,Medium
C0925,36,Female,43,2636.3,113360.9,Yearly,3,No,23.220169913690594,No,Low
C0926,48,Female,68,1987.58,135155.44,Yearly,1,No,13.70073985723574,No,Low
C0927,39,Male,57,2451.04,139709.28,Yearly,6,Yes,29.100960195703525,No,Low
C0928,31,Female,56,2825.3,158216.8,Monthly,1,Yes,36.470403661395956,No,Medium
C0929,33,Male,51,332.82,16973.82,Monthly,7,No,58.58843792242791,Yes,Medium
C0930,50,Male,12,1076.61,12919.32,Quarterly,10,No,49.31133777710095,No,Medium
C0931,22,Female,27,1411.47,38109.69,Quarterly,5,No,29.460842460435398,No,Low
C0932,50,Male,5,2278.29,11391.45,Yearly,4,No,36.446978180005004,No,Medium
C0933,50,Male,62,526.58,32647.96,Yearly,8,No,34.61165424437998,No,Medium
C0934,36,Female,69,494.7,34134.3,Quarterly,6,No,27.414010711973575,No,Low
C0935,21,Female,33,2032.68,67078.44,Monthly,5,No,57.1572515412778,Yes,Medium
C0936,24,Female,14,2408.69,33721.66,Yearly,5,No,36.98620465301616,No,Medium
C0937,46,Male,20,1050.2,21004.0,Monthly,1,Yes,40.64887909629141,No,Medium
C0938,27,Male,57,331.0,18867.0,Monthly,9,No,65.71805543360361,Yes,High
C0939,34,Male,66,2920.83,192774.78,Yearly,4,No,20.79343534954809,No,Low
C0940,45,Female,62,1799.84,111590.08,Monthly,1,No,34.52621364774274,No,Medium
C0941,43,Female,41,851.99,34931.59,Yearly,0,Yes,13.594041224708143,No,Low
C0942,29,Female,71,1013.55,71962.05,Monthly,9,Yes,63.554992823753565,Yes,High
C0943,51,Male,35,1025.04,35876.4,Yearly,7,Yes,34.072359129095666,No,Medium
C0944,27,Male,38,2915.05,110771.9,Quarterly,10,No,52.12833211538243,Yes,Medium
C0945,56,Male,29,2798.91,81168.39,Quarterly,3,No,29.578546940458118,No,Low
C0946,44,Female,41,548.58,22491.78,Yearly,2,Yes,17.148866740140047,No,Low
C0947,37,Female,66,1021.99,67451.34,Monthly,1,Yes,34.05566112348233,No,Medium
C0948,39,Female,67,1307.8,87622.6,Quarterly,10,Yes,40.773200522793324,No,Medium
C0949,27,Male,48,1875.6,90028.8,Monthly,10,Yes,71.87109700386887,Yes,High
C0950,53,Female,59,1913.7,112908.3,Yearly,3,No,19.277095437776303,No,Low
C0951,18,Male,26,1512.53,39325.78,Monthly,4,Yes,53.584141970311194,Yes,Medium
C0952,32,Male,59,2288.65,135030.35,Yearly,4,No,22.54743282029187,No,Low
C0953,39,Female,30,2136.3,64089.0,Quarterly,0,No,17.823807690634123,No,Low
C0954,66,Female,45,1873.9,84325.5,Monthly,0,Yes,35.05725029436519,No,Medium
C0955,26,Male,36,2837.06,102134.16,Monthly,9,No,74.05613363160263,Yes,High
C0956,53,Male,46,809.06,37216.76,Yearly,5,Yes,26.0304320329249,No,Low
C0957,65,Female,38,575.11,21854.18,Quarterly,1,No,15.79717823680043,No,Low
C0958,44,Male,54,1183.02,63883.08,Quarterly,3,Yes,20.856302461723413,No,Low
C0959,38,Male,25,1471.86,36796.5,Yearly,3,No,24.207765355353907,No,Low
C0960,46,Female,27,324.45,8760.15,Quarterly,7,No,31.521844952743383,No,Medium
C0961,45,Male,17,1776.57,30201.69,Yearly,8,No,44.5572397419034,No,Medium
C0962,59,Female,50,2227.94,111397.0,Quarterly,7,No,34.17604167643547,No,Medium
C0963,56,Female,23,435.05,10006.15,Monthly,3,Yes,43.386933947894946,No,Medium
C0964,64,Female,63,1261.12,79450.56,Yearly,4,No,21.302412575081046,No,Low
C0965,60,Female,48,2760.15,132487.2,Monthly,10,No,72.67295737306003,Yes,High
C0966,67,Female,67,881.43,59055.81,Monthly,0,Yes,30.931287224121085,No,Medium
C0967,28,Male,16,519.1,8305.6,Monthly,6,Yes,56.633271870528525,Yes,Medium
C0968,27,Female,38,1334.87,50725.06,Monthly,3,No,45.683812731431,No,Medium
C0969,30,Male,46,1373.11,63163.06,Yearly,5,No,26.85029736547211,No,Low
C0970,18,Female,8,484.84,3878.72,Monthly,9,Yes,66.53141845290727,Yes,High
C0971,34,Female,6,2459.24,14755.44,Quarterly,6,Yes,44.70841362543771,No,Medium
C0972,66,Female,60,1294.81,77688.6,Monthly,5,Yes,50.1533831094386,Yes,Medium
C0973,54,Female,9,394.52,3550.68,Yearly,10,Yes,42.344396167605595,No,Medium
C0974,38,Female,2,2001.67,4003.34,Monthly,10,Yes,80.24609490341477,Yes,High
C0975,55,Female,40,1494.87,59794.8,Monthly,10,Yes,71.81544109675647,Yes,High
C0976,54,Female,18,2526.81,45482.58,Monthly,5,No,64.46732133622287,Yes,High
C0977,28,Female,58,359.17,20831.86,Monthly,3,Yes,41.86072901353472,No,Medium
C0978,39,Male,7,451.68,3161.76,Quarterly,5,Yes,27.131431411861932,No,Low
C0979,41,Female,68,867.08,58961.44,Yearly,0,Yes,12.394650704612898,No,Low
C0980,20,Female,38,2068.97,78620.86,Quarterly,0,No,16.263753066486846,No,Low
C0981,55,Male,38,602.08,22879.04,Monthly,4,No,48.450012818068416,No,Medium
C0982,66,Male,21,2316.3,48642.3,Yearly,2,No,25.93429245812409,No,Low
C0983,62,Female,47,2149.86,101043.42,Yearly,2,No,19.148370510108244,No,Low
C0984,21,Female,69,321.5,22183.5,Yearly,10,Yes,40.40965185350714,No,Medium
C0985,59,Male,23,988.18,22728.14,Yearly,9,Yes,42.67924992976272,No,Medium
C0986,69,Male,25,2535.92,63398.0,Quarterly,6,Yes,40.363032540299216,No,Medium
C0987,49,Female,5,1182.2,5911.0,Yearly,9,No,45.12782499959243,No,Medium
C0988,66,Female,58,2841.03,164779.74,Monthly,0,No,32.606065401404834,No,Medium
C0989,66,Female,61,1360.37,82982.57,Yearly,2,No,16.74146746223677,No,Low
C0990,62,Female,35,1242.0,43470.0,Monthly,8,Yes,65.15399971736707,Yes,High
C0991,22,Male,42,2687.82,112888.44,Monthly,6,No,61.50252936973939,Yes,High
C0992,33,Male,67,1419.19,95085.73,Quarterly,5,Yes,24.763327105662306,No,Low
C0993,26,Female,29,1539.81,44654.49,Monthly,6,Yes,59.722589401081784,Yes,Medium
C0994,30,Male,32,2173.66,69557.12,Quarterly,6,Yes,36.13922730182409,No,Medium
C0995,62,Male,17,2299.69,39094.73,Monthly,4,No,60.90409497697927,Yes,High
C0996,19,Male,6,2431.47,14588.82,Yearly,5,Yes,40.71517497848707,No,Medium
C0997,50,Male,30,351.65,10549.5,Quarterly,10,Yes,43.579705651418074,No,Medium
C0998,49,Male,42,2680.49,112580.58,Monthly,9,Yes,72.03688884155108,Yes,High
C0999,27,Male,36,619.72,22309.92,Monthly,9,Yes,67.0575938265403,Yes,High
C1000,45,Female,11,962.45,10586.95,Quarterly,6,Yes,32.57514819316333,No,Medium
